Case #,Query,Top Match,Score,Score %,Match Type,String Score,Semantic Score,Match 1 Name,Match 1 Score,Match 1 Type,Match 2 Name,Match 2 Score,Match 2 Type,Match 3 Name,Match 3 Score,Match 3 Type,Match 4 Name,Match 4 Score,Match 4 Type,Match 5 Name,Match 5 Score,Match 5 Type,Match 6 Name,Match 6 Score,Match 6 Type,Match 7 Name,Match 7 Score,Match 7 Type,Match 8 Name,Match 8 Score,Match 8 Type,Match 9 Name,Match 9 Score,Match 9 Type,Match 10 Name,Match 10 Score,Match 10 Type,Match 11 Name,Match 11 Score,Match 11 Type,Match 12 Name,Match 12 Score,Match 12 Type,Match 13 Name,Match 13 Score,Match 13 Type,Match 14 Name,Match 14 Score,Match 14 Type,Match 15 Name,Match 15 Score,Match 15 Type,Match 16 Name,Match 16 Score,Match 16 Type,Match 17 Name,Match 17 Score,Match 17 Type,Match 18 Name,Match 18 Score,Match 18 Type,Match 19 Name,Match 19 Score,Match 19 Type,Match 20 Name,Match 20 Score,Match 20 Type
1,PDMA Association,PDMA Association,1.0000,100.00,exact,1.0000,6.9332,PDMA Association,100.00%,exact,Association Headquarters-PDMA,87.67%,hybrid,PDMA Alliance,81.50%,hybrid,PDMA,71.26%,hybrid,PDMA inc,68.90%,hybrid,PDMA Corporation,68.48%,hybrid,PDS User Group Association,65.40%,hybrid,PDS Users Group Association,65.29%,hybrid,PDA PARTNERS,36.11%,hybrid,PDA ALC,35.81%,hybrid,PD Properties,35.12%,hybrid,PDC Affiliates,35.02%,hybrid,PDC Group Services,31.52%,hybrid,PD Symposium,30.74%,hybrid,PDA,30.71%,hybrid,PDA Event Management,30.63%,hybrid,PDA  Event Management,30.63%,hybrid,PDC Party,29.47%,hybrid,PDC,29.09%,hybrid,PDS,29.07%,hybrid
2,Nicolas/Sanchez Wedding,Nicolas/Sanchez Wedding,1.0000,100.00,exact,1.0000,5.3808,Nicolas/Sanchez Wedding,100.00%,exact,Sanchez Wedding,85.12%,hybrid,Garcia Sanchez Wedding,80.75%,hybrid,Castillo Sanchez Wedding,79.91%,hybrid,Sanchez Wedding Reception,79.04%,hybrid,Rodriguez/ Sanchez Wedding,77.31%,hybrid,Sanchez/Flores Wedding,76.25%,hybrid,Gibson Sanchez Wedding,76.21%,hybrid,Sanchez and Alfonso Wedding,76.18%,hybrid,Sanchez/Ramirez Wedding,76.05%,hybrid,Sanchez/Puerto Wedding,75.83%,hybrid,Datzman Sanchez Wedding,75.43%,hybrid,Sanchez / Bryan Wedding,75.37%,hybrid,Sanchez/Fuentes Wedding,75.09%,hybrid,SANCHEZ-RAMIREZ WEDDING RECEPTION,74.98%,hybrid,Sanchez/Ramos Wedding,74.95%,hybrid,Alequin Sanchez Wedding,74.78%,hybrid,Sanchez/Justin Wedding,74.75%,hybrid,Phillips/Sanchez Wedding,74.64%,hybrid,Sanchez/Hoos Wedding,74.63%,hybrid
3,Kehilat Ariel Synagogue,Kehilat Ariel Synagogue,1.0000,100.00,exact,1.0000,5.9322,Kehilat Ariel Synagogue,100.00%,exact,Kehilat Ariel Messianic Synagogue,91.02%,hybrid,Kehilat Ariel,73.01%,hybrid,Kehilath Israel Synagogue,59.60%,hybrid,Beth Israel Synagogue,55.46%,hybrid,Synagogue 3000 Organization,54.90%,hybrid,Beth El Synagogue,54.68%,hybrid,Bet Torah Synagogue,54.17%,hybrid,Temple Sinai Synagogue,53.91%,hybrid,Bet Aviv Synagogue,53.89%,hybrid,Brooklyn Heights Synagogue,53.86%,hybrid,Beth Shalom Synagogue,53.52%,hybrid,North Shore Synagogue,53.33%,hybrid,Beth Sholom Synagogue,53.23%,hybrid,Park East Synagogue,53.20%,hybrid,Beth El Synagogue Center,53.17%,hybrid,Ohel Moshe Synagogue,53.13%,hybrid,Temple Beth Am Synagogue,53.07%,hybrid,Synagogue Temple Aliyah,53.05%,hybrid,Temple Emanuel Synagogue,52.93%,hybrid
4,Next Level Events,Next Level Events,1.0000,100.00,exact,1.0000,6.0250,Next Level Events,100.00%,exact,Next Level Events Inc,95.11%,hybrid,Next Level Plus Events,92.54%,hybrid,Next Level Now,84.27%,hybrid,Next Level Games,83.79%,hybrid,Next Level Event Design,83.77%,hybrid,Next Level Fairs,83.54%,hybrid,Next Level Promotions,83.39%,hybrid,Next Level Performance,83.25%,hybrid,Level Up Events,80.53%,hybrid,Higher Level Events,78.82%,hybrid,Level 10 Events,77.86%,hybrid,Level 9 Events,77.32%,hybrid,Pro Level Events,77.10%,hybrid,Next View Events,76.83%,hybrid,Next Round Events,76.42%,hybrid,Next Stage Events,75.87%,hybrid,Next Level,75.81%,hybrid,NEXT GENERATION EVENTS,75.49%,hybrid,The Next Level,73.15%,hybrid
5,Site Foundation Golf Tournament,Site Foundation Golf Tournament,1.0000,100.00,exact,1.0000,6.6350,Site Foundation Golf Tournament,100.00%,exact,Hearth Foundation Golf Tournament,80.05%,hybrid,Hi Kid Foundation Golf Tournament,77.72%,hybrid,WSU Athletic Foundation Golf Tournament,77.71%,hybrid,Natl Football Foundation Golf Tournament,77.43%,hybrid,Tournament Golf Foundation Incorporated,74.62%,hybrid,Golf League Amateur Golf Tournament,74.24%,hybrid,Midwest Classic Golf Tournament,74.18%,hybrid,World Amateur Golf Tournament,74.17%,hybrid,Desert Invitational Golf Tournament,73.99%,hybrid,Western States Invitational Golf Tournament,73.98%,hybrid,College Prep Golf Tournament,73.89%,hybrid,Caribbean Golf Invitational Foundation,73.87%,hybrid,National Christian Foundation Golf,73.65%,hybrid,Stanford Intercollegiate Golf Tournament,73.54%,hybrid,Colorado Open Golf foundation,73.48%,hybrid,World Senior Golf Tournament,73.38%,hybrid,YOUTH WORLD GOLF TOURNAMENT,73.27%,hybrid,Ghetto Classic Golf Tournament,73.22%,hybrid,International Junior Golf Tournament,73.21%,hybrid
6,Interim WG Meeting - BIER,Interim WG Meeting - BIER,1.0000,100.00,exact,1.0000,5.0042,Interim WG Meeting - BIER,100.00%,exact,Bi Annual Meeting,52.30%,hybrid,BI Meeting,49.53%,hybrid,Bim Object Meeting,49.35%,hybrid,American Biz Meeting,49.10%,hybrid,BIA OIEP Meeting,48.73%,hybrid,ETW Meeting Management,48.60%,hybrid,BIE ELO MEETING,48.57%,hybrid,CMG Board meeting,48.32%,hybrid,RFW Meeting Planners,48.24%,hybrid,HRW Meeting Services,48.21%,hybrid,Biz meeting,46.52%,hybrid,WMS Meeting,46.32%,hybrid,HRW Meeting,45.06%,hybrid,AB Meeting,44.08%,hybrid,BIS Meeting,44.04%,hybrid,Bierman Meeting,43.99%,hybrid,BISC Meeting,43.68%,hybrid,TRW Meeting,43.39%,hybrid,HR Meeting,43.22%,hybrid
7,DermaQuest Inc,DermaQuest Inc,1.0000,100.00,exact,1.0000,5.8697,DermaQuest Inc,100.00%,exact,"Dermaquest, Incorporated",94.23%,hybrid,Dermaquest Skin Care,85.02%,hybrid,Dermaquest Skin Therapy,83.64%,hybrid,Derma E,43.61%,hybrid,Perquest Inc,42.91%,hybrid,EQuest,42.84%,hybrid,DermaPure,42.81%,hybrid,Mapquest,41.98%,hybrid,Dermapen,41.85%,hybrid,TrialQuest,41.73%,hybrid,AgQuest,41.56%,hybrid,Derma USA,41.28%,hybrid,Alquest,40.81%,hybrid,SEQUEST,40.61%,hybrid,INTERQUEST,40.35%,hybrid,NewQuest,39.68%,hybrid,Derema,39.18%,hybrid,Dermamed,39.05%,hybrid,FundQuest Inc,38.94%,hybrid
8,Ellwood Group Inc,Ellwood Group Inc,1.0000,100.00,exact,1.0000,6.0210,Ellwood Group Inc,100.00%,exact,Ellwood Associates,86.21%,hybrid,Ellwood Community Church,84.57%,hybrid,Delwood,48.51%,hybrid,Sellwood,47.36%,hybrid,Linwood Group,46.73%,hybrid,Wildwood Group,46.60%,hybrid,Millwood Inc,46.16%,hybrid,Kenwood Group,44.98%,hybrid,Reignwood Group,44.71%,hybrid,Lockwood Group,43.79%,hybrid,Marwood Group,43.37%,hybrid,WILDWOOD,43.23%,hybrid,Oakwood Group,42.48%,hybrid,Blackwood Group,42.25%,hybrid,Wedgewood Group,42.18%,hybrid,Ashwood Group,42.01%,hybrid,Polywood Inc,41.92%,hybrid,Alderwoods Group,41.72%,hybrid,The Alderwood Group,41.40%,hybrid
9,American Miniature Horse Registry,American Miniature Horse Registry,1.0000,100.00,exact,1.0000,6.2780,American Miniature Horse Registry,100.00%,exact,American Miniature Horse Association,83.52%,hybrid,American Miniature Horse Association Headquarters,81.89%,hybrid,Miniature Horse & Pony Show,73.10%,hybrid,American Horse Show Association,70.65%,hybrid,American Youth Horse Council,70.08%,hybrid,American Hackney Horse Society,70.06%,hybrid,American Horse Council,64.53%,hybrid,AMERICAN HORSE SCHOOL,64.47%,hybrid,American Horse Publication,63.84%,hybrid,PPHRNA Horse Registry,63.78%,hybrid,American Horse Publications,63.57%,hybrid,Charity Fair Horse Show,54.80%,hybrid,Thoroughbred Horse Show Association,52.92%,hybrid,INDIANAPOLIS CHARITY HORSE SHOW,52.33%,hybrid,Harness Horse Youth Foundation,52.07%,hybrid,National Walking Horse Association,51.91%,hybrid,Iron Horse Interactive,48.34%,hybrid,National Horse Show,48.27%,hybrid,Reining Horse Association,48.12%,hybrid
10,"YADA ENTERPRISES, INC","YADA ENTERPRISES, INC",1.0000,100.00,exact,1.0000,5.5943,"YADA ENTERPRISES, INC",100.00%,exact,Yada Yada,90.49%,hybrid,Yama Enterprises,52.87%,hybrid,Yacada,47.63%,hybrid,Yadea Group,46.82%,hybrid,Yasuda Corporation Limited,46.63%,hybrid,Yama,45.63%,hybrid,Yamagada Corporation,45.43%,hybrid,Yata LLC,45.10%,hybrid,Yapa,45.09%,hybrid,YaMa Group,44.90%,hybrid,Yara,44.40%,hybrid,YABA,44.24%,hybrid,Ya,44.06%,hybrid,Yamwa Corporation,43.21%,hybrid,YA Group,43.17%,hybrid,YAMASA CORPORATION,43.02%,hybrid,Yager Enterprises,42.64%,hybrid,Yam Holdings,41.26%,hybrid,Yas,40.53%,hybrid
11,Seafood Nutrition Partnership,Seafood Nutrition Partnership,1.0000,100.00,exact,1.0000,6.7515,Seafood Nutrition Partnership,100.00%,exact,Sustainable Seafood Partnership,81.31%,hybrid,SEAFOOD NUTRITION,76.55%,hybrid,Seafood Products Association,59.49%,hybrid,Seafood Choices Alliance,59.48%,hybrid,Food Industries Seafood Association,59.23%,hybrid,Seafood Choices Alliances,58.84%,hybrid,Seafood Business Solutions,57.10%,hybrid,21st Century Seafood,56.94%,hybrid,Global Sustainable Seafood Initiative,56.87%,hybrid,Solutions for Seafood,56.84%,hybrid,SeaFood Industry Research Fund,56.71%,hybrid,Global Seafood Alliance,56.59%,hybrid,Global  Seafood Alliance,56.59%,hybrid,BC Seafood Alliance,56.36%,hybrid,Seafood Alliance,54.28%,hybrid,Handy Seafood,53.82%,hybrid,Seafood Export,52.91%,hybrid,Seafood Show,52.39%,hybrid,Blessing Seafood,52.35%,hybrid
12,"AVIAKOMPANIYA SIBIR, PAO","AVIAKOMPANIYA SIBIR, PAO",1.0000,100.00,exact,1.0000,4.4580,"AVIAKOMPANIYA SIBIR, PAO",100.00%,exact,AVIAKOMPANIYA MIZHNARODNI AVIA,58.97%,hybrid,Faizan Kabir,33.90%,hybrid,Ebira Vonya International,33.86%,hybrid,Shibir  Desai,33.45%,hybrid,Kabira,33.31%,hybrid,Salaha Kabir,32.26%,hybrid,Avyaya Integrated,32.16%,hybrid,Kabir Capital,31.64%,hybrid,Avyaya,31.49%,hybrid,Camp Kanya,31.47%,hybrid,Darya Varia,31.46%,hybrid,Albireo AB,31.20%,hybrid,Kabira Technology,30.72%,hybrid,Embiria,30.43%,hybrid,Albireo,30.35%,hybrid,Avia NG,29.45%,hybrid,OUBIRIN DAIGAKU,29.35%,hybrid,KABIRA TECHNOLOGIES INC,29.20%,hybrid,Somos Papaya,29.11%,hybrid
13,Hartford Hospital School of Nursing,Hartford Hospital School of Nursing,1.0000,100.00,exact,1.0000,6.0495,Hartford Hospital School of Nursing,100.00%,exact,Hartford Hospital Offices USA,83.44%,hybrid,Hartford School District,74.96%,hybrid,New Hartford School,74.25%,hybrid,Hartford Hospital,74.10%,hybrid,Hartford Elementary School,73.88%,hybrid,Hartford High School,73.71%,hybrid,Hartford Art School,72.74%,hybrid,JEFFERSON HOSPITAL NURSING SCHOOL,69.72%,hybrid,Philadelphia General Hospital School of Nursing,68.00%,hybrid,Rhode Island Hospital School of Nursing,67.71%,hybrid,Metropolitan Hospital School of Nursing,67.66%,hybrid,Philadelphia General Hospital Nursing,66.49%,hybrid,Hartford Hospital Women's Health Service,65.50%,hybrid,Hartford Public Schools,59.05%,hybrid,Hartford,58.51%,hybrid,Hartford Family Institute,57.58%,hybrid,Hartford Healthcare,56.08%,hybrid,Hartford Schools,54.25%,hybrid,Hartford University,53.10%,hybrid
14,Internal J&J Meeting and Breakfast,Internal J&J Meeting and Breakfast,1.0000,100.00,exact,1.0000,4.8181,Internal J&J Meeting and Breakfast,100.00%,exact,AEP Breakfast Meeting,62.84%,hybrid,Breakfast Meeting NYC,62.68%,hybrid,Bisnow Breakfast Meeting,61.81%,hybrid,GMCVB Breakfast & Meeting,61.18%,hybrid,Breakfast Meeting Oct2018,60.94%,hybrid,Optos Breakfast Meeting,60.72%,hybrid,Clime - Breakfast meeting,60.65%,hybrid,Breakfast Meeting,59.40%,hybrid,Breakfast Before Business,52.77%,hybrid,Executive Breakfast Session,52.18%,hybrid,Morning after breakfast,50.84%,hybrid,Breakfast for Learning,50.26%,hybrid,Annual Members Breakfast,50.24%,hybrid,Local 1 Breakfast,49.46%,hybrid,Breakfast Club Seattle,48.84%,hybrid,Client Breakfast,48.76%,hybrid,Business Breakfast,48.71%,hybrid,Investment Breakfast Briefing,48.71%,hybrid,Breakfast Discussion,48.26%,hybrid
15,Spina Bifida Coalition of Cincinnati,Spina Bifida Coalition of Cincinnati,1.0000,100.00,exact,1.0000,5.3059,Spina Bifida Coalition of Cincinnati,100.00%,exact,"Spina Bifida Association of Cincinnati, Inc.",81.69%,hybrid,Spina Bifida Association of Michigan,74.96%,hybrid,Illinois Spina Bifida Association,74.71%,hybrid,Spina Bifida Association of Kentucky,74.30%,hybrid,Spina Bifida Resource Network,74.25%,hybrid,SPINA BIFIDA ASSOCIATION OF ALABAMA,74.22%,hybrid,Colorado Spina Bifida Association,74.09%,hybrid,SPINA BIFIDA ASSN AM,73.75%,hybrid,Spina Bifida Association of Massachusetts,73.59%,hybrid,Spina Bifida Association of America Headquarters,73.38%,hybrid,Spina Bifida Association of Southeast Florida,73.17%,hybrid,Spina Bifida Association of Central Florida,73.04%,hybrid,Spina Bifida Association of SE Michigan,72.16%,hybrid,Spina Bifida Natl Conf,72.08%,hybrid,Spina Bifida Foundation Association of Georgia,71.90%,hybrid,Spina Bifida Association,70.21%,hybrid,Spina Bifida,63.72%,hybrid,SPINA BIFINDA ASSOCIATION OF AMERICA,55.59%,hybrid,Spina Bifada Association of America,54.99%,hybrid
16,THE SOCA GROUP ORGANIZATION,THE SOCA GROUP ORGANIZATION,1.0000,100.00,exact,1.0000,6.0391,THE SOCA GROUP ORGANIZATION,100.00%,exact,Team SOCA,78.89%,hybrid,Soca Society,77.98%,hybrid,System Organization Group,75.95%,hybrid,SOCA Convention,75.83%,hybrid,Soca Takeover,75.40%,hybrid,Soca Passion,74.68%,hybrid,Organization Management Group,74.04%,hybrid,Four Organization,73.23%,hybrid,Membership Organization,73.21%,hybrid,SOCA,65.03%,hybrid,SoCal United,38.39%,hybrid,Socia Team,38.20%,hybrid,Socca Sa,36.95%,hybrid,Socata Users Group,36.07%,hybrid,Socii Group,35.88%,hybrid,SoCal Study Group,35.77%,hybrid,SoCo Group,35.70%,hybrid,SOC America Inc,35.11%,hybrid,Socata Group,34.71%,hybrid
17,Shiroyama Junior High School,Shiroyama Junior High School,1.0000,100.00,exact,1.0000,5.5160,Shiroyama Junior High School,100.00%,exact,Heights Christian Junior High School,80.37%,hybrid,Junior High School 45,79.70%,hybrid,Haga Junior High School,79.62%,hybrid,Jubail Junior High School,79.30%,hybrid,CARROLL JUNIOR HIGH SCHOOL,79.03%,hybrid,Junior High School 22,79.00%,hybrid,South Junior High School,78.95%,hybrid,Hardin Junior High School,78.81%,hybrid,Durand Junior High School,78.53%,hybrid,Kirby Junior High School,78.33%,hybrid,Clara Junior High School,78.29%,hybrid,Seminole Junior High School,78.14%,hybrid,George WA High School,70.38%,hybrid,East Bernard High School,69.98%,hybrid,CS Junior High,69.12%,hybrid,Oakland Junior High,68.51%,hybrid,Wahama High School,68.33%,hybrid,Beaver High School,65.47%,hybrid,Shiloh High School,65.09%,hybrid
18,National Home Health,National Home Health,1.0000,100.00,exact,1.0000,6.3145,National Home Health,100.00%,exact,National Home Health Care,90.10%,hybrid,National Home Healthcare,90.01%,hybrid,Community Home Health,87.80%,hybrid,RESIDENTIAL HOME HEALTH,87.59%,hybrid,Comprehensive Home Health,87.49%,hybrid,American Home Health,87.17%,hybrid,Assisted Home Health,86.86%,hybrid,One Home Health,86.85%,hybrid,Alternative Home Health,86.80%,hybrid,Family Home Health,86.71%,hybrid,Associated Home Health,86.65%,hybrid,Vital Care Home Health,85.97%,hybrid,progressive home health,85.90%,hybrid,National Home Health  Care Conference,85.87%,hybrid,Suburban Home Health,85.84%,hybrid,Community Home Health Services,85.75%,hybrid,Renew Home Health,85.65%,hybrid,Options Home Health,85.53%,hybrid,Legacy Home Health Care,85.48%,hybrid
19,American News Women's Club,American News Women's Club,1.0000,100.00,exact,1.0000,5.0290,American News Women's Club,100.00%,exact,American Women's Club,77.82%,hybrid,American Women Club,75.55%,hybrid,DC Democratic Women's Club,73.35%,hybrid,UM Women's Club,68.65%,hybrid,Women's International Club,68.13%,hybrid,International Women's Club,68.07%,hybrid,Women's Business Club,67.99%,hybrid,Women's Democratic Club,67.75%,hybrid,American Girl Club,67.61%,hybrid,Democratic Women's Club,67.50%,hybrid,American Business Club,66.98%,hybrid,Women's Sporting Club,66.89%,hybrid,American Club,58.20%,hybrid,Women in Management Club,56.73%,hybrid,American Business Women Association,56.65%,hybrid,American Women Business Association,56.64%,hybrid,Washington Ladies Riding Club Association,55.81%,hybrid,Lovely Ladies Social Club,55.69%,hybrid,Washington Womens Fitness Club,55.51%,hybrid
20,Denise Roberge,Denise Roberge,1.0000,100.00,exact,1.0000,6.5113,Denise Roberge,100.00%,exact,Tamara Denise,73.13%,hybrid,Denise Long,72.57%,hybrid,Tasha Denise,72.45%,hybrid,Sandra Denise,72.39%,hybrid,Denise O,71.47%,hybrid,Denise Michelle,71.28%,hybrid,Tamra Denise,71.07%,hybrid,DENISE ACCOUNTS,70.96%,hybrid,Denise Abril,70.86%,hybrid,Denise Beard,70.82%,hybrid,Denise Gour,70.78%,hybrid,Denise White,70.75%,hybrid,Denise Reed,70.61%,hybrid,Charmaine Denise,70.50%,hybrid,Denise M.,70.37%,hybrid,Denise Burns,70.33%,hybrid,Denise Wallack,70.32%,hybrid,Denise Barrow,70.27%,hybrid,CeCi Denise,70.27%,hybrid
21,Synergy Soccer Club,Synergy Soccer Club,1.0000,100.00,exact,1.0000,6.1949,Synergy Soccer Club,100.00%,exact,Synergy Football Club,81.77%,hybrid,Synergy Volleyball Club,80.58%,hybrid,Alliance Soccer Club,78.63%,hybrid,FC Alliance Soccer Club,78.30%,hybrid,Advantage Soccer Club,78.29%,hybrid,Kitsap Soccer Club,78.28%,hybrid,Synergy Chain Investors Club,77.86%,hybrid,Polish Soccer Club,77.81%,hybrid,Synergy Gymnastics Booster Club,77.45%,hybrid,AC Alliance Soccer Club,77.20%,hybrid,Nordic Soccer Club,77.13%,hybrid,Soccer Club,69.89%,hybrid,Club CO Soccer,68.49%,hybrid,Synergy Sports Worldwide,59.07%,hybrid,Synergy Sports Marketing,58.85%,hybrid,Synergy Dance Team,57.93%,hybrid,Synergy Sports Technology,57.86%,hybrid,Synergy Volleyball Team,57.83%,hybrid,Synergy Sports World Wide,57.43%,hybrid
22,NFC Forum,NFC Forum,1.0000,100.00,exact,1.0000,7.1179,NFC Forum,100.00%,exact,NFC Forum         .,96.60%,hybrid,NFC Forum Members,90.00%,hybrid,Near Field Communications Forum (NFC Forum),75.45%,hybrid,NFC Fighting,73.84%,hybrid,NFC Orientation,73.44%,hybrid,NFC Consulting,73.23%,hybrid,NFC MARKETING,73.04%,hybrid,NFC Life,72.36%,hybrid,NFC Amenity,72.18%,hybrid,NFC Insurance,72.17%,hybrid,Eagles Forum,71.90%,hybrid,NFC Tabagators,70.93%,hybrid,Nfc Services Inc.,70.66%,hybrid,NFC Insurance/NFC Life,70.18%,hybrid,WIMA NFC USA,69.91%,hybrid,Forum Nexus,69.89%,hybrid,NFC Professional Selling Group,69.85%,hybrid,NFC Amenity Management,69.77%,hybrid,Nexus Forum,69.60%,hybrid
23,A Better Choice Limousine & Concierge,A Better Choice Limousine & Concierge,1.0000,100.00,exact,1.0000,5.7189,A Better Choice Limousine & Concierge,100.00%,exact,First Choice Limousine Services,76.73%,hybrid,Capital Travel Limousine,55.44%,hybrid,Chicago Limousine Transportation,54.27%,hybrid,1st Class Limousine,54.27%,hybrid,A Formal Limousine Services,54.05%,hybrid,Luxury Limousine and Entertainment,53.98%,hybrid,National Limousine Association,53.97%,hybrid,District Executive Limousine,53.90%,hybrid,Greater Atlanta Limousine,53.89%,hybrid,VIP Limousine Service,53.87%,hybrid,My Limousine Service,53.82%,hybrid,VA Limousine Association,53.67%,hybrid,Capital Travel & Limousine,53.57%,hybrid,Mint Life Limousine,53.48%,hybrid,Colorado Limousine Association,53.29%,hybrid,Prestige Limousine,53.14%,hybrid,Windy City Limousine,53.10%,hybrid,Executive Limousine,51.79%,hybrid,Limousine Livery,51.44%,hybrid
24,Danish Sisterhood of America,Danish Sisterhood of America,1.0000,100.00,exact,1.0000,5.6578,Danish Sisterhood of America,100.00%,exact,The Danish Sisterhood of America,97.40%,hybrid,Danish Sisterhood and Brotherhood of America,90.22%,hybrid,Danish Brotherhood & Danish Sisterhood of America,86.08%,hybrid,DANISH BROTHERHOOD AND DANISH SISTERHOOD OF AMERICA,85.73%,hybrid,Danish Sisterhood of the Americas,82.69%,hybrid,DANISH SISTERHOOD,77.64%,hybrid,The Dansih Sisterhood of America,77.38%,hybrid,Danish Sisterhood of Amercia,75.79%,hybrid,Inspire Global Sisterhood,58.04%,hybrid,21st Century Sisterhood,57.94%,hybrid,Sisters Across America,57.32%,hybrid,Baltimore Hebrew Sisterhood,56.48%,hybrid,PEO Sisterhood International,56.47%,hybrid,Temple Israel Sisterhood,56.44%,hybrid,Sisterhood Saturday DC,56.43%,hybrid,SAZ National Sisterhood,56.32%,hybrid,Global Sisterhood,55.15%,hybrid,Global Sisterhood,55.15%,hybrid,Living Sisterhood,52.22%,hybrid
25,Brooklyn Comics Club,Brooklyn Comics Club,1.0000,100.00,exact,1.0000,6.6312,Brooklyn Comics Club,100.00%,exact,Brooklyn Baseball Club,79.95%,hybrid,Brooklyn NY Film Club,79.75%,hybrid,North Brooklyn Comic Book Club,79.50%,hybrid,Brooklyn Ski Club,79.08%,hybrid,Brooklyn Conversation Club,78.90%,hybrid,Brooklyn Football Club,78.84%,hybrid,New Brooklyn Book Club,78.48%,hybrid,Brooklyn College Diversity Club,76.85%,hybrid,Brooklyn Barbell Club,76.81%,hybrid,Municipal Club of Brooklyn,76.61%,hybrid,Brooklyn Creative Artists,59.13%,hybrid,Brooklyn Comic Con by,58.21%,hybrid,BROOKLYN COMMUNITY CENTER,57.72%,hybrid,Brooklyn Music School,57.51%,hybrid,Brooklyn Art Library,57.43%,hybrid,Brooklyn Music Week,57.39%,hybrid,Brooklyn Comedy Festival,57.24%,hybrid,Brooklyn Borough Hall,57.23%,hybrid,Brooklyn Film Festival,57.17%,hybrid
26,Global Interagency Security Forum,Global Interagency Security Forum,1.0000,100.00,exact,1.0000,5.5384,Global Interagency Security Forum,100.00%,exact,Cyber Security Collaboration Forum,76.75%,hybrid,Infrastructure Security and Resilience Forum,76.43%,hybrid,The Cyber Security Forum Initiative,76.32%,hybrid,NY Cyber Security Forum,75.90%,hybrid,Executive Security Action Forum,75.52%,hybrid,Security Network Forum,74.64%,hybrid,International Security Forum,74.09%,hybrid,BITS Security Forum,72.27%,hybrid,Info Security Forum,71.37%,hybrid,Information Security Forum,71.17%,hybrid,Westcon Security Forum,71.01%,hybrid,Cargo Security Forum,70.48%,hybrid,Security Forum,68.78%,hybrid,Information Security Forum Limited,68.76%,hybrid,Global Network Security,67.35%,hybrid,Integrity Global Security,66.87%,hybrid,Global Security Services,66.38%,hybrid,Global Security Service,66.19%,hybrid,Global Cyber Security,66.09%,hybrid
27,Lancet Software,Lancet Software,1.0000,100.00,exact,1.0000,6.1951,Lancet Software,100.00%,exact,Lancet Technology,76.83%,hybrid,"Lancet Technology, Incorporated",72.39%,hybrid,JAT Software,71.43%,hybrid,CAS Software,71.26%,hybrid,Agile Software,70.27%,hybrid,Med Software,70.03%,hybrid,BRICT Software,69.66%,hybrid,Quest Software,69.56%,hybrid,Griffin Software,69.56%,hybrid,BST Software,69.54%,hybrid,PROFESSIONAL SOFTWARE,69.54%,hybrid,Tech Software,69.51%,hybrid,SIS Software,69.48%,hybrid,Software Technology,69.47%,hybrid,Caliber Software,69.38%,hybrid,Boston Software,69.38%,hybrid,FRS Software,69.34%,hybrid,Jasc Software,69.19%,hybrid,Software Pursuits,69.15%,hybrid
28,Our Lady of the Lakes Catholic Church and School,Our Lady of the Lakes Catholic Church and School,1.0000,100.00,exact,1.0000,4.8732,Our Lady of the Lakes Catholic Church and School,100.00%,exact,OUR LADY OF THE LAKES CATHOLIC CHURCH,88.83%,hybrid,Our Lady of the Lakes Catholic School,87.91%,hybrid,Our Lady of the Lake Roman Catholic Church,83.62%,hybrid,Our Lady of the Lake Catholic Church,80.29%,hybrid,Our Lady Guadalupe Catholic Church,77.58%,hybrid,Our Lady of Health Catholic Church,77.55%,hybrid,Our Lady of the Lake Catholic Parish,75.50%,hybrid,Our Lady of The Lakes Church,75.38%,hybrid,Our Lady Lake Church,72.21%,hybrid,Our Lady of the Lake Church,68.70%,hybrid,Lakes Catholic,63.07%,hybrid,Lake Catholic High School,55.95%,hybrid,Lakeshore Catholic High School,55.72%,hybrid,River Lakes Community Church,55.12%,hybrid,St Elizabeth Catholic School,54.46%,hybrid,Garden Lakes Baptist Church,53.74%,hybrid,HOLY CATHOLIC CHURCH,49.19%,hybrid,Lakes Church,45.75%,hybrid,Island Catholic Schools,42.59%,hybrid
29,Broadway Bound International,Broadway Bound International,1.0000,100.00,exact,1.0000,6.0455,Broadway Bound International,100.00%,exact,Broadway Bound West,87.19%,hybrid,Broadway Bound Kids,85.76%,hybrid,Bound Four Broadway,85.71%,hybrid,Broadway Bound Studio,85.57%,hybrid,Broadway Bound Dance,84.66%,hybrid,Broadway Bound Childrens Theatre,82.83%,hybrid,Broadway Bound Kidz,82.67%,hybrid,Broadway Bound,80.95%,hybrid,Broadway Asia International,77.65%,hybrid,Broadway Across American,62.69%,hybrid,Broadway Across Am,61.58%,hybrid,BROADWAY NATIONAL TOUR,60.21%,hybrid,Broadway Meets Country,60.14%,hybrid,Destination Broadway,58.74%,hybrid,Broadway,57.83%,hybrid,Broadway Worldwide,56.99%,hybrid,Broadway Beyond,56.98%,hybrid,Beyond Broadway,56.60%,hybrid,Broadway Travel,56.35%,hybrid
30,E. H. Wachs,E. H. Wachs,1.0000,100.00,exact,1.0000,5.3830,E. H. Wachs,100.00%,exact,E.H. Wachs,61.28%,hybrid,Wachs Water Services,58.18%,hybrid,Wachs / Russell Wedding,57.45%,hybrid,Wachs Services,57.15%,hybrid,Elen Wachs,57.04%,hybrid,Aecon-Wachs,51.63%,hybrid,WACHSA,40.78%,hybrid,Wachsman,37.81%,hybrid,AACHS,37.31%,hybrid,Wachsman PR,36.61%,hybrid,GCHS,35.70%,hybrid,Steven Fuchs,35.67%,hybrid,Fuchs,35.31%,hybrid,COCHS,35.29%,hybrid,John Wichser,34.72%,hybrid,Wachsman PR Limited,33.91%,hybrid,Hannochs,33.43%,hybrid,Brachs,33.31%,hybrid,Ilka Fuchs,33.09%,hybrid
31,Marine Corps Fox 2/5,Marine Corps Fox 2/5,1.0000,100.00,exact,1.0000,5.6733,Marine Corps Fox 2/5,100.00%,exact,United State Marine Corps,77.04%,hybrid,Marine Corps Personnel Support,76.93%,hybrid,American US Marine Corps,76.90%,hybrid,MARINE CORPS BASE CAMP,76.89%,hybrid,Marine Corps Community Service,76.80%,hybrid,Marine Corps Support Facility,76.74%,hybrid,US Marine Corps Intelligence,76.61%,hybrid,United States Marine Corps,76.57%,hybrid,US Marine Corps HMM 161,76.57%,hybrid,Marine Corps Air Station,76.49%,hybrid,Young US Marine Corps,76.49%,hybrid,Marine Corps League National,76.48%,hybrid,Navy Marine Corps Reserve,76.47%,hybrid,Navy Marine Corps Ball,76.43%,hybrid,Navy Marine Corps Liaison,76.39%,hybrid,US Marine Corps Veterans,76.33%,hybrid,US Marine Corps 4th Marine Division,76.25%,hybrid,National Marine Corps League,76.23%,hybrid,Marine Corps Community Services,76.21%,hybrid
32,Fantasia Turistica,Fantasia Turistica,1.0000,100.00,exact,1.0000,6.5232,Fantasia Turistica,100.00%,exact,Fantasia Travels,77.55%,hybrid,Fantasia Travel,76.65%,hybrid,Fantasia Accessry,75.39%,hybrid,Ferrari Fantasia,75.12%,hybrid,Fantasia Home Parties,72.86%,hybrid,Franquia Fantasia,72.42%,hybrid,Fantasia by Stohler,72.16%,hybrid,Fantasia Veneziana,72.04%,hybrid,Noreen Fantasia,71.98%,hybrid,Bobo Entertainment Fantasia Tour,70.02%,hybrid,Fantasia Travel PreCruise Group,69.18%,hybrid,Fantasia,68.59%,hybrid,Grupo Fantasia Eventos y Producciones,68.50%,hybrid,Operadora Turistica,68.38%,hybrid,Azteca Turistica,68.00%,hybrid,"Fantasia Comic Con, LLC",67.82%,hybrid,MGM Operadora Turistica,67.05%,hybrid,Master Operadora Turistica,67.01%,hybrid,Pallas Operadora Turistica,66.92%,hybrid
33,Esoterix,Esoterix,1.0000,100.00,exact,1.0000,6.2666,Esoterix,100.00%,exact,Esoterix Headquarters,85.89%,hybrid,Esoterix Integrated Genetics,83.75%,hybrid,CENTRIX,42.58%,hybrid,Metrix,42.55%,hybrid,Verix,41.96%,hybrid,Netrix,41.91%,hybrid,Lectrix,41.65%,hybrid,Isometrix,41.49%,hybrid,Corix,41.41%,hybrid,Vmetrix,40.98%,hybrid,Metametrix,40.90%,hybrid,TYMETRIX,40.73%,hybrid,Vectrix,40.57%,hybrid,Cimetrix,40.47%,hybrid,Spprix,39.68%,hybrid,Symetrix,39.63%,hybrid,Performatrix,39.41%,hybrid,NATRIX,39.31%,hybrid,Autometrix,39.15%,hybrid
34,Coker Group,Coker Group,1.0000,100.00,exact,1.0000,6.3617,Coker Group,100.00%,exact,The Coker Group,90.08%,hybrid,Coker College,85.75%,hybrid,Coker Family Reunion,85.67%,hybrid,Coker Consultants,84.86%,hybrid,Coker University,84.73%,hybrid,Coker Law,84.57%,hybrid,Coker Coaters,84.54%,hybrid,Coker Legal,84.53%,hybrid,Coker Capital,84.20%,hybrid,Coker Cheerleading Group,84.02%,hybrid,Coker Grp,83.51%,hybrid,Betty Coker,83.33%,hybrid,Friends of Leslie Coker,83.12%,hybrid,Kristen Coker,82.82%,hybrid,Coker Law Firm,82.55%,hybrid,Coker Capital Advisors,82.55%,hybrid,Coker James,82.38%,hybrid,COKE,54.02%,hybrid,CoKeM,50.30%,hybrid
35,GILEAD IT,GILEAD IT,1.0000,100.00,exact,1.0000,6.3824,GILEAD IT,100.00%,exact,Gilead Productions,77.28%,hybrid,Gilead Science,77.26%,hybrid,Gilead Sciences,76.99%,hybrid,Gilead 1N,76.77%,hybrid,Gilead Services,76.18%,hybrid,GILEAD MEDICAL,76.05%,hybrid,GILEAD PHARMACEUTICAL,75.53%,hybrid,Gilead Media,75.28%,hybrid,Gilead Canada,75.20%,hybrid,Gilead Finance,75.07%,hybrid,Gilead Pharmaceuticals,74.69%,hybrid,Baltimore Gilead,74.56%,hybrid,Gilead 3 Productions,74.12%,hybrid,GILEAD SCIENTISTS,74.06%,hybrid,GILEAD (GILEAD SCIENCES INC),74.05%,hybrid,Gilead Regional,73.75%,hybrid,Gilead Ministries,73.53%,hybrid,Gilead Alberta,73.48%,hybrid,Gilead Investigators,73.43%,hybrid
36,4143 Affiliate INDA 2016,4143 Affiliate INDA 2016,1.0000,100.00,exact,1.0000,6.0685,4143 Affiliate INDA 2016,100.00%,exact,1528 Affiliate INDA 2016,84.11%,hybrid,4143 Affiliate Aan 2017,75.58%,hybrid,430 Affiliate ALA 2016,72.18%,hybrid,1035 Affiliate CASE 2016,71.30%,hybrid,1035 AFSA Affiliate 2016,70.29%,hybrid,00430 Affiliate 2016 Cardiometabolic,70.20%,hybrid,1035 Affiliate AFSA 2016,70.12%,hybrid,430 Affiliate ASM 2016,70.11%,hybrid,430 NAVBO Affiliate 2016,70.08%,hybrid,430 Affiliate NALP 2016,70.03%,hybrid,ASA AFFILIATE ACCOUNT 2016,69.78%,hybrid,SEPA - Affiliate Account 2016,69.73%,hybrid,4143 Affiliates ASTRO 2016,67.71%,hybrid,2016 Google Affiliate,65.82%,hybrid,AACR AFFILIATE 2016,65.47%,hybrid,AASA Affiliate 2016,64.99%,hybrid,ADC 2016 Affiliate,63.77%,hybrid,2016 GROUP AFFILIATE MEETINGS,63.47%,hybrid,CCA 2016 AFFILIATE,63.27%,hybrid
37,Pipe and Plant Solutions,Pipe and Plant Solutions,1.0000,100.00,exact,1.0000,5.9348,Pipe and Plant Solutions,100.00%,exact,Pipe & Plant,79.49%,hybrid,Advanced Pipe Solutions,78.91%,hybrid,TV Pipe Solutions,73.75%,hybrid,Infra Pipe Solutions,73.69%,hybrid,Plant Solutions Limited,68.08%,hybrid,Pipe,59.48%,hybrid,Pipe Line Contractors,59.46%,hybrid,Texas Pipe Works,59.44%,hybrid,Specialized Pipe Technologies,58.35%,hybrid,Plumbers & Pipe Fitters,58.27%,hybrid,Cal Pipe Industries,58.09%,hybrid,Pipe Products,56.71%,hybrid,PIPE TOOLS,55.87%,hybrid,Plant Operations,54.58%,hybrid,Custom Pipe,53.44%,hybrid,Plant Products,53.28%,hybrid,Bell Pipe,52.86%,hybrid,Allied Pipe,52.81%,hybrid,Pipe Fitters,52.80%,hybrid
38,Stephen Rourke,Stephen Rourke,1.0000,100.00,exact,1.0000,6.7151,Stephen Rourke,100.00%,exact,Rourke Publishing,73.36%,hybrid,Damon Rourke,72.66%,hybrid,Rourke Manufacturing,71.54%,hybrid,Rourke Rooms,68.93%,hybrid,Rourke Educational Media,68.84%,hybrid,Rourke,67.85%,hybrid,Stephen Scott,67.79%,hybrid,Stephen Shea,67.52%,hybrid,Rourke and Ashley,67.49%,hybrid,Laing O' Rourke,67.40%,hybrid,Stephen Young,67.00%,hybrid,Stephen Oh,66.89%,hybrid,O Rourke & Assoc,66.70%,hybrid,Stephen Lacy,66.66%,hybrid,Stephen Brain,66.61%,hybrid,Rourke & Blumenthal,66.61%,hybrid,O Rourke & Associates,66.37%,hybrid,Stephen Lane,66.06%,hybrid,Stephen Michael,66.04%,hybrid
39,MIT Initiative on the Digital Economy,MIT Initiative on the Digital Economy,1.0000,100.00,exact,1.0000,5.2696,MIT Initiative on the Digital Economy,100.00%,exact,MIT Energy Initiative,55.71%,hybrid,MIT Information Services and Technology,44.17%,hybrid,MIT INFORMATION SERVICES,42.05%,hybrid,MIT Information Systems,40.58%,hybrid,MIT Global Initiatives,40.47%,hybrid,MIT Dept of Economic,38.03%,hybrid,MIT Technology Review,36.38%,hybrid,MIT Development Services,36.10%,hybrid,MIT Corporate Development,36.06%,hybrid,MIT Tech,35.80%,hybrid,MIT Resource Development,35.04%,hybrid,MIT Tech Conference,34.84%,hybrid,MIT Distributors,34.71%,hybrid,MIT Info Systems,34.55%,hybrid,MIT Financial,34.40%,hybrid,MIT Enterprise Forum,34.03%,hybrid,MIT App Inventor,33.71%,hybrid,MiTAC Computing Technology,33.31%,hybrid,MIT COOPERATIVE,32.62%,hybrid
40,Urx Community USA,Urx Community USA,1.0000,100.00,exact,1.0000,6.0693,Urx Community USA,100.00%,exact,USA Community Service Commission,72.07%,hybrid,Florida Urological Society USA,59.57%,hybrid,Uratta National Association USA,56.79%,hybrid,URX Conference,51.90%,hybrid,Sites USA,51.37%,hybrid,URENCO USA,50.99%,hybrid,EDX USA,50.83%,hybrid,US Community,47.35%,hybrid,Community Link,45.93%,hybrid,Community Path,45.45%,hybrid,US Communities,38.69%,hybrid,United Communities,36.55%,hybrid,Communities United,36.39%,hybrid,York Communities,35.35%,hybrid,American Communities,35.30%,hybrid,Hometown America Communities,33.91%,hybrid,American Campus Communities,33.77%,hybrid,American Residential Communities,32.79%,hybrid,Urology Society of America,32.64%,hybrid
41,Spredfast Engage,Spredfast Engage,1.0000,100.00,exact,1.0000,5.6944,Spredfast Engage,100.00%,exact,Spredfast Events,77.66%,hybrid,Spredfast Product,73.88%,hybrid,Spredfast,67.51%,hybrid,Shredfast,39.50%,hybrid,Steadfast PR,39.25%,hybrid,Redfast,38.49%,hybrid,HyperFast Agent,38.27%,hybrid,Superfast Business,38.21%,hybrid,Steadfast Management,38.21%,hybrid,Wordfast Training,37.87%,hybrid,Steadfast Living,37.86%,hybrid,Steadfast REIT,37.17%,hybrid,ProcessFast,37.02%,hybrid,Steadfast Forward,37.01%,hybrid,Steadfast REITs,36.72%,hybrid,Wordfast,36.57%,hybrid,Standfast Interactive,36.48%,hybrid,FormFast,36.40%,hybrid,Steadfast Communications,36.29%,hybrid
42,City of Dallas-Parks & Recreation,City of Dallas-Parks & Recreation,1.0000,100.00,exact,1.0000,5.4947,City of Dallas-Parks & Recreation,100.00%,exact,City of Dallas Park & Recreation,87.04%,hybrid,Dallas Parks and Recreation Department,86.55%,hybrid,Dallas Parks and Recreation Dept,86.49%,hybrid,City of Dallas Park & Recreation Department,84.34%,hybrid,Baltimore City Recreation and Parks,83.72%,hybrid,Dallas Parks and Recreation,81.68%,hybrid,Baltimore City Parks and Recreation Department,81.48%,hybrid,City of Miami Parks & Recreation,81.44%,hybrid,PARKS FOR DOWNTOWN DALLAS,79.63%,hybrid,DALLAS PARK & RECREATION DEPARTMENT,77.59%,hybrid,Texas Recreation & Parks Society,75.67%,hybrid,PALM SPRINGS PARKS RECREATION,75.63%,hybrid,Texas Parks and Recreation Society,74.86%,hybrid,Philadelphia Parks & Recreation Outdoor Experience Program,74.46%,hybrid,City Career Fair Dallas,74.39%,hybrid,DC Department of Parks & Recreation,74.14%,hybrid,Seattle Parks & Recreation,70.62%,hybrid,Philadelphia Parks & Recreation,70.59%,hybrid,RECREATION PARKS DEPARTMENT,70.21%,hybrid
43,"Kai Pono Builders, Inc.","Kai Pono Builders, Inc.",1.0000,100.00,exact,1.0000,4.9379,"Kai Pono Builders, Inc.",100.00%,exact,Kai Pono Builders,95.62%,hybrid,Pono Kai Resort,73.30%,hybrid,Pono Kai,67.69%,hybrid,Kai Partners,53.09%,hybrid,S Kai,52.27%,hybrid,Kai Kai Lam,52.02%,hybrid,"Kaipona Builders, Incorporated",51.71%,hybrid,"KAI Partners, Inc.",51.15%,hybrid,Kai Kai Communications,50.69%,hybrid,KAI Research,50.60%,hybrid,Kai USA Ltd,50.10%,hybrid,Kai Hawaii Company,49.91%,hybrid,Kai Kani,49.89%,hybrid,Kai Trade,49.89%,hybrid,Ian Kai,49.83%,hybrid,Colt Builders,49.71%,hybrid,HONUA KAI,49.40%,hybrid,Argus Builders,49.10%,hybrid,Kai USA,49.01%,hybrid
44,MUSICFIRST COALITION,MUSICFIRST COALITION,1.0000,100.00,exact,1.0000,6.3148,MUSICFIRST COALITION,100.00%,exact,music FIRST Coalition,75.99%,hybrid,Future of Music Coalition,74.26%,hybrid,District New Music Coalition,73.61%,hybrid,Coalition BEATS Music Program,72.91%,hybrid,Black Music Action Coalition,72.22%,hybrid,Black Music Coalition Action,72.14%,hybrid,The Coalition for Music Education,71.26%,hybrid,Coalition of Music Stores,70.64%,hybrid,CDFI Coalition,70.45%,hybrid,Musicfirst,64.07%,hybrid,Music Allies,39.32%,hybrid,Music Promotions,38.56%,hybrid,Music Movement Organization,38.47%,hybrid,Music Strategy,35.77%,hybrid,Music Ally,35.62%,hybrid,MUSIC STRATEGIES,35.38%,hybrid,IDEAL Music Collective,35.30%,hybrid,Music Moves,34.86%,hybrid,United Music Alliance,34.83%,hybrid
45,Frontier Power Products,Frontier Power Products,1.0000,100.00,exact,1.0000,6.8330,Frontier Power Products,100.00%,exact,Frontier Business Products,79.01%,hybrid,Frontier Natural Products,76.74%,hybrid,Advanced Power Products,76.41%,hybrid,Worldwide Power Products,76.35%,hybrid,Power Service Products,76.22%,hybrid,Frontier Products,72.56%,hybrid,Power Products,69.54%,hybrid,Frontier Building Supply,57.46%,hybrid,Frontier Supply Chain Solutions,57.44%,hybrid,Frontier Pro Services,56.79%,hybrid,Frontier Energy,53.09%,hybrid,Frontier Utilities,52.81%,hybrid,Frontier Line,52.54%,hybrid,Frontier Solutions,52.42%,hybrid,Frontier Developments,52.32%,hybrid,FRONTIER RESOURCES,52.29%,hybrid,Frontier Services,52.17%,hybrid,Frontier Lines,52.10%,hybrid,Frontier Security,52.08%,hybrid
46,1960,1960,1.0000,100.00,exact,1.0000,6.9894,1960,100.00%,exact,District 1960,85.36%,hybrid,60,81.09%,hybrid,Playhouse 1960,80.32%,hybrid,1960 Family Practice,80.17%,hybrid,PAGE CLASS OF 1960,79.43%,hybrid,NFA Class of 1960,78.59%,hybrid,1961,55.14%,hybrid,1966,54.09%,hybrid,1963,54.06%,hybrid,1950,53.51%,hybrid,1962,52.93%,hybrid,1964,52.60%,hybrid,1970,52.19%,hybrid,1965,51.41%,hybrid,1968,51.23%,hybrid,1967,50.91%,hybrid,1956,50.69%,hybrid,1969,49.57%,hybrid,1909,48.84%,hybrid
47,Pacific Northwest Diabetes Research Inst,Pacific Northwest Diabetes Research Inst,1.0000,100.00,exact,1.0000,5.6710,Pacific Northwest Diabetes Research Inst,100.00%,exact,Pacific Northwest Diabetes Research,83.86%,hybrid,Diabetes Research,59.03%,hybrid,Diabetes Research Wellness Foundation,57.30%,hybrid,Junior Diabetes Research Foundation,57.07%,hybrid,Diabetes Research Institute Foundation,56.81%,hybrid,Diabetes Research Institute,53.80%,hybrid,Diabetes Research Association,52.54%,hybrid,Diabetes Research & Wellness,50.94%,hybrid,The Diabetes Research Foundation,50.90%,hybrid,Northern Diabetes Health Network,42.74%,hybrid,Presbyterian Diabetes Resource Center,41.60%,hybrid,Northern Diabetes Health,41.29%,hybrid,Bayer Diabetes Care Northeast,39.25%,hybrid,California Diabetes Program,38.24%,hybrid,National Diabetes Education Initiative,37.46%,hybrid,West Central Area Diabetes,36.66%,hybrid,National Diabetes Association,36.53%,hybrid,Canadian Diabetes Association,36.31%,hybrid,International Diabetes Federation,34.81%,hybrid
48,Mentors & Mentees,Mentors & Mentees,1.0000,100.00,exact,1.0000,5.8988,Mentors & Mentees,100.00%,exact,RE Mentors,75.66%,hybrid,TRUE Mentors,75.60%,hybrid,Master Mentors,75.53%,hybrid,3 Mentors,75.20%,hybrid,Mentors Inc.,61.23%,hybrid,Mentor Mate,52.12%,hybrid,Mentor Event,51.82%,hybrid,Mentor Meetings,50.30%,hybrid,Mentor Meeting,49.78%,hybrid,Mentor 2 Mentor,48.96%,hybrid,Mentor Masters,48.38%,hybrid,Mentor 4,46.97%,hybrid,Mentor X,46.47%,hybrid,Mentor Lumber,46.36%,hybrid,Mentor Health,46.16%,hybrid,Mentor POST,45.99%,hybrid,Mentor Leaders,45.83%,hybrid,MENTOR MEETINGS  EVENTS,45.45%,hybrid,Mentor Collective,45.37%,hybrid
49,NaLA 2024 fall conference M01709226216947 02-29-24 12:03:46,NaLA 2024 fall conference M01709226216947 02-29-24 12:03:46,1.0000,100.00,exact,1.0000,4.6847,NaLA 2024 fall conference M01709226216947 02-29-24 12:03:46,100.00%,exact,NaLA 2023 fall conference M01674569043113 01-24-23 09:04:06,69.42%,hybrid,NaLA 2023 fall conference M01674661235470 01-25-23 10:40:54,67.18%,hybrid,NALSC 2024 Annual Conference M01680804350265 04-06-23 14:05:56,44.72%,hybrid,HBMA 2024 Fall Conference,40.62%,hybrid,Ascend Annual Conference 2023 M01689096187969 07-11-23 13:23:11,39.33%,hybrid,Fall Series 2025 M01738617336927 02-03-25 16:15:38,38.80%,hybrid,CWG US Conference 2022 M01639062306301 12-09-21 10:05:10,38.69%,hybrid,Large Conference M01652296916362 05-11-22 15:22:01,37.57%,hybrid,OPSC Fall Conference 2025,35.24%,hybrid,NACA Conference 2024,35.15%,hybrid,2022 PLSO Fall Conference,33.84%,hybrid,2025 NAAP Conference,33.43%,hybrid,NNU Conference 2025,33.38%,hybrid,NABG Conference 2022,33.36%,hybrid,NAYGN 2024 Conference,33.19%,hybrid,2024 NACA CONFERENCE,33.18%,hybrid,2022 CVTA Fall Conference,32.93%,hybrid,CAAK Conference 2026,32.65%,hybrid,NAVUB Conference 2023,32.39%,hybrid
50,Donnelley Work Session,Donnelley Work Session,1.0000,100.00,exact,1.0000,6.0390,Donnelley Work Session,100.00%,exact,SMDS Work Session,72.66%,hybrid,Donnelley Financial Services,56.48%,hybrid,Experience Session 5,55.60%,hybrid,Donnelley Financial Solutions,54.58%,hybrid,Donnelley for Congress,54.49%,hybrid,Professional Development Session,53.88%,hybrid,RH Donnelley Headquarters,53.40%,hybrid,DONNELLEY MARKETING 1,53.29%,hybrid,KinderCare Working Session,53.08%,hybrid,Executive Breakfast Session,52.83%,hybrid,SBH Strategy Session,52.81%,hybrid,RR DONNELLEY FINANCIAL SERVICE,52.66%,hybrid,R R Donnelley Logistics,52.62%,hybrid,Donnelley Financial Solutions Corporate,52.53%,hybrid,HR Talent Profile Session,52.46%,hybrid,Session One,50.14%,hybrid,Session M,49.64%,hybrid,Donnelley Financial,49.50%,hybrid,Strategy Session,49.38%,hybrid
51,North Shore Senior Center,North Shore Senior Center,1.0000,100.00,exact,1.0000,6.1147,North Shore Senior Center,100.00%,exact,North Shore Cancer Center,84.81%,hybrid,Northshore Senior Center,84.46%,hybrid,Coastal North Town Center,82.32%,hybrid,North Shore Elder Services,82.08%,hybrid,North Shore Community College,81.06%,hybrid,North Shore Community Bank,80.54%,hybrid,North Bay Regional Center,80.54%,hybrid,Glen Cove Senior Center,80.37%,hybrid,North Coast Center,77.81%,hybrid,East Shore Center,74.93%,hybrid,North Shore Bank,73.79%,hybrid,Shore Christian Center,73.68%,hybrid,North Shore Supply,73.68%,hybrid,Northend Senior Center,73.33%,hybrid,NORTH SHORE COUNTRY,73.31%,hybrid,North Shore Parts,73.30%,hybrid,North Shore Fellowship,73.26%,hybrid,Lakeland Senior Center,72.98%,hybrid,NORTH SHORE LINKS,72.94%,hybrid
52,Singles Who Like Food & Fun,Singles Who Like Food & Fun,1.0000,100.00,exact,1.0000,5.2373,Singles Who Like Food & Fun,100.00%,exact,Fun Asian Singles,55.23%,hybrid,Christian Singles Fun Events,55.11%,hybrid,Fun Social Singles 35+,54.97%,hybrid,Food Fun & Fellowship,50.76%,hybrid,Singles Who Dance,50.64%,hybrid,Hot Singles,36.13%,hybrid,Singles Imagine,35.58%,hybrid,Singles Adventures,34.94%,hybrid,Singles in Paradise,34.72%,hybrid,Singles Supper Club,34.53%,hybrid,Enjoy Life Foods,34.45%,hybrid,For Singles By Singles,33.92%,hybrid,Food N Friends,33.27%,hybrid,Social Singles Adventures,33.10%,hybrid,Fabulous Food Show,32.61%,hybrid,Food Glorious Food,32.10%,hybrid,Sexy Singles,32.01%,hybrid,Singles Fair,31.94%,hybrid,Successful Singles,31.81%,hybrid
53,Zen Meetings & Events,Zen Meetings & Events,1.0000,100.00,exact,1.0000,6.0922,Zen Meetings & Events,100.00%,exact,Zen Events México,77.55%,hybrid,Zen Events Group,72.54%,hybrid,"Zen Events, LLC",66.81%,hybrid,Zen at Work,62.04%,hybrid,EVENT ZEN,61.38%,hybrid,Zen Wellness Classes,60.63%,hybrid,Zen,59.76%,hybrid,SERVICE ZEN,58.72%,hybrid,Zen Group,57.76%,hybrid,Zen Associates,56.73%,hybrid,PROJECT ZEN,56.55%,hybrid,Zen Business,56.44%,hybrid,Zen Consulting,56.24%,hybrid,Zen Planner,55.87%,hybrid,Zen Travels,55.24%,hybrid,Zen Digital,54.99%,hybrid,Applied Zen,54.95%,hybrid,ZEN BEI,54.84%,hybrid,ZEN SPOT,54.83%,hybrid
54,Chicago South Swim Club,Chicago South Swim Club,1.0000,100.00,exact,1.0000,6.3264,Chicago South Swim Club,100.00%,exact,South Carolina Swim Club,82.43%,hybrid,South West Florida Swim Club,81.25%,hybrid,South Metro Storm Swim Club,78.51%,hybrid,Baltimore City Swim Club,77.99%,hybrid,Detroit Recreation Swim Club,77.31%,hybrid,Ohio State Swim Club,76.96%,hybrid,Southern Kentucky Swim Club,76.09%,hybrid,Carolina Aquatics Swim Club,75.88%,hybrid,Team Carolina Swim Club,75.75%,hybrid,Westside YMCA Swim Club,75.59%,hybrid,University of Michigan Swim Club,75.59%,hybrid,Palo Alto Swim Club,75.39%,hybrid,Los Angeles Swim Club,75.36%,hybrid,National Capital Swim Club,74.83%,hybrid,North Bay Swim Club,74.74%,hybrid,Chicago Swim School,72.39%,hybrid,Detroit Swim Club,71.89%,hybrid,Columbia Swim Club,71.51%,hybrid,Shore Club Chicago,71.36%,hybrid
55,"Edna, Dabra@SAP.IO","Edna, Dabra@SAP.IO",1.0000,100.00,exact,1.0000,5.0530,"Edna, Dabra@SAP.IO",100.00%,exact,Edna Owusu,75.67%,hybrid,Edna Rose,75.04%,hybrid,Edna Travel,74.48%,hybrid,Edna ISD,74.09%,hybrid,City of Edna,73.92%,hybrid,EDNA LUMBER COMPANY,72.54%,hybrid,Cena SAP,39.13%,hybrid,SAP Brasil,37.20%,hybrid,Nadia Saputo,36.62%,hybrid,SAP Brazil,35.20%,hybrid,Sapna Creations,34.81%,hybrid,Saphis Poa,32.85%,hybrid,Sapna Creation,32.81%,hybrid,SAP,32.22%,hybrid,Sapia AI,31.63%,hybrid,SAP Am,31.58%,hybrid,Sapa Profiles,31.39%,hybrid,SAP Spain,31.35%,hybrid,Sapien,31.34%,hybrid
56,Boys and Girls Club of Dawson Community Centre,Boys and Girls Club of Dawson Community Centre,1.0000,100.00,exact,1.0000,4.9551,Boys and Girls Club of Dawson Community Centre,100.00%,exact,GIRLS CLUB,53.99%,hybrid,Dawson Community College,51.24%,hybrid,DAWSON COMMUNITY BLUES,50.67%,hybrid,GIRLS Bridge Club,48.10%,hybrid,Dawson County School District,38.41%,hybrid,Dawson County Schools,37.35%,hybrid,DAWSON COUNTY EDUCATION COOPERATIVE,37.01%,hybrid,Dawson Reunion,35.98%,hybrid,Dawson Dance Team,35.87%,hybrid,DAWSON FAMILY REUNION,35.60%,hybrid,Dawson Family,35.18%,hybrid,Dawson Carter Family Reunion,34.52%,hybrid,Jackson Dawson Reunion,34.43%,hybrid,DAWSON COLLEGE,34.28%,hybrid,The Dawson Center,33.83%,hybrid,Dawson Group,33.55%,hybrid,KIDS CLUB FOUNDATION,33.22%,hybrid,Community Youth Center,33.21%,hybrid,Dawson Meetings,32.82%,hybrid
57,Beissbarth,Beissbarth,1.0000,100.00,exact,1.0000,5.6056,Beissbarth,100.00%,exact,Beissbarth GmbH,88.13%,hybrid,Breitbart,42.39%,hybrid,Bitbar,42.34%,hybrid,Brietbart,40.35%,hybrid,Ziebart,39.51%,hybrid,Versabar,38.11%,hybrid,Rebar,37.96%,hybrid,ABBARCH,37.94%,hybrid,Ubar,37.72%,hybrid,NettBar,37.32%,hybrid,SideBar,36.36%,hybrid,HandleBar,36.34%,hybrid,MakerBar,36.03%,hybrid,backbar,35.86%,hybrid,FitBar,35.55%,hybrid,Goodbar,35.49%,hybrid,Ambar Then,35.47%,hybrid,minibar,35.46%,hybrid,Agbar,35.21%,hybrid
58,US Night Vision,US Night Vision,1.0000,100.00,exact,1.0000,6.3599,US Night Vision,100.00%,exact,PM Night Vision,81.50%,hybrid,US Vision Care,79.56%,hybrid,Night Vision Entertainment,79.47%,hybrid,Night Vision Manufacturers,79.36%,hybrid,WORLD VISION US,79.22%,hybrid,NIGHT VISION SYSTEMS INC,78.85%,hybrid,ITT Night Vision,78.60%,hybrid,Night Vision,75.76%,hybrid,US Vision,72.39%,hybrid,US Vision Inc,68.48%,hybrid,Big Night America,58.94%,hybrid,World Vision USA,58.22%,hybrid,Smart Vision Lights,58.03%,hybrid,A Night For Sight,57.81%,hybrid,American Vision Travel,57.76%,hybrid,VISION TRENDS USA,57.54%,hybrid,World Vision United States,57.25%,hybrid,Vision IX USA,57.25%,hybrid,Vision USA,54.02%,hybrid
59,"Amedysis, Incorporated","Amedysis, Incorporated",1.0000,100.00,exact,1.0000,5.5022,"Amedysis, Incorporated",100.00%,exact,"Amedysis, Inc.",95.84%,hybrid,Amedysis Home Health,89.46%,hybrid,Medysis,55.16%,hybrid,Avysis,45.95%,hybrid,Lysis,44.53%,hybrid,Unysis Corporation,43.74%,hybrid,Dialysis Corporation,43.13%,hybrid,INVENYSIS,43.09%,hybrid,Cardialysis,42.89%,hybrid,Affiliated Dialysis,41.81%,hybrid,Intelysis,41.38%,hybrid,"Vysis, Inc.",41.28%,hybrid,Personalysis Corporation,40.63%,hybrid,Alysis Technology,39.25%,hybrid,Dialysis Clinic Incorporated,38.81%,hybrid,Innovative Dialysis,38.55%,hybrid,"M Dialysis, Inc.",38.33%,hybrid,IHS Dialysis,37.96%,hybrid,Dialysis Centers Incorporated,37.71%,hybrid
60,"Taiyo Air Service Co.,Ltd","Taiyo Air Service Co.,Ltd",1.0000,100.00,exact,1.0000,5.0738,"Taiyo Air Service Co.,Ltd",100.00%,exact,Taiyo Air Services Co.,78.81%,hybrid,Fuyo Air Service Co. Ltd.,73.74%,hybrid,CITS Taikoo Air Service Ltd,72.77%,hybrid,Air Service Development,65.24%,hybrid,Tec Air Service,65.13%,hybrid,World Air Service,64.77%,hybrid,Air Service,60.87%,hybrid,AIR SERVICE CORP,60.31%,hybrid,Air Service Corporation,58.73%,hybrid,Service Air,56.00%,hybrid,Nichiyo Air Services,51.98%,hybrid,Taiyo Pacific Partners,51.27%,hybrid,Air Craft Services,49.68%,hybrid,Loyo Travel Service,49.58%,hybrid,Blue Air Training,49.45%,hybrid,Taiyo International Pte Ltd,49.45%,hybrid,Air Force Services,49.43%,hybrid,Air Products FCU,49.16%,hybrid,Taiyo Am,46.19%,hybrid
61,National Conference on Race & Ethnicity in American Higher E,National Conference on Race & Ethnicity in American Higher E,1.0000,100.00,exact,1.0000,4.7141,National Conference on Race & Ethnicity in American Higher E,100.00%,exact,NATIONAL CONFERENCE ON RACE AND ETHNICITY IN AMERICAN HIGHER,88.77%,hybrid,NCORE NATIONAL CONFERENCE ON RACE AND ETHNICITY IN AMERICAN HIGHER EDUCATION,86.35%,hybrid,National Conference On Race & Ethnicity In America Higher Ed,86.33%,hybrid,National Conference on Race & Ethnicity in AM Higher Education,82.79%,hybrid,National Conference on Race & Ethnicity in Am. Higher Educ,82.73%,hybrid,National Conference on Race & Ethnicity in Higher Education,79.89%,hybrid,National Conference on Race & Ethnicity in AmericanHigher Ed,74.58%,hybrid,National Conference on Race Ethnicity,70.88%,hybrid,National Conference on Race & Ethnicity,68.37%,hybrid,National Conference on Race and Ethnicity,67.96%,hybrid,NATIONAL CONFERENCE ON RACE & ETHNICITY - NCORE,67.20%,hybrid,NAT CONFERENCE ON RACE & ETHNICITY,55.30%,hybrid,National Conference on African Americans,47.21%,hybrid,Trans American Race Co,35.43%,hybrid,Race Across America,34.38%,hybrid,African American Conference,34.30%,hybrid,Ethnic America Network,32.57%,hybrid,Ethnicity Matters,32.14%,hybrid,EthniCITY,31.54%,hybrid
62,Reminger Law Firm,Reminger Law Firm,1.0000,100.00,exact,1.0000,5.6767,Reminger Law Firm,100.00%,exact,Reminger & Reminger Law Firm,97.03%,hybrid,Withers Law Firm,82.31%,hybrid,S Law Firm,81.90%,hybrid,Speer Law Firm,81.83%,hybrid,Didier Law Firm,81.27%,hybrid,Marr Law Firm,81.22%,hybrid,Gremminger Law Firm,81.18%,hybrid,Arzinger Law Firm,81.08%,hybrid,RA Law Firm,80.80%,hybrid,Alters Law Firm,80.73%,hybrid,Revo Law Firm,80.68%,hybrid,DC Law Firm,80.67%,hybrid,B Law Firm,80.65%,hybrid,Stacks Law Firm,80.62%,hybrid,Sharp Law Firm,80.54%,hybrid,LPR Law Firm,80.53%,hybrid,Long Law Firm,80.46%,hybrid,Howry Law Firm,80.45%,hybrid,Heard Law Firm,80.44%,hybrid
63,SEMMOA BOD,SEMMOA BOD,1.0000,100.00,exact,1.0000,5.4166,SEMMOA BOD,100.00%,exact,SEMMOA AACM,73.98%,hybrid,Bod Pro,73.49%,hybrid,SEMMOA Coop,73.17%,hybrid,CSA BOD,72.17%,hybrid,World Bod,70.35%,hybrid,Semmoa,65.76%,hybrid,BoD,62.34%,hybrid,SEMM,34.04%,hybrid,SE Production,32.27%,hybrid,Sem Jacar,32.20%,hybrid,SED,32.03%,hybrid,Sewbo,31.17%,hybrid,BODE,30.61%,hybrid,Bode Pro,30.34%,hybrid,BOSTD,30.07%,hybrid,SEDS,29.87%,hybrid,BODi,29.59%,hybrid,SEB,29.25%,hybrid,Bo,29.04%,hybrid
64,Telefonica Global Solutions,Telefonica Global Solutions,1.0000,100.00,exact,1.0000,5.4480,Telefonica Global Solutions,100.00%,exact,Telefonica Multinational Solutions,90.11%,hybrid,Telefonica Global Solutions USA Inc.,90.08%,hybrid,TELEFONICA INTERNATIONAL USA,71.69%,hybrid,Telefonica International USA Inc,70.01%,hybrid,Telefonica International Wholesale Services,69.33%,hybrid,Telefonica Internacional USA,68.21%,hybrid,Telefonica,66.76%,hybrid,Telefonica International,66.75%,hybrid,Telefonica USA,63.54%,hybrid,02 Telefonica,62.98%,hybrid,Telefonica España,61.82%,hybrid,Telefonica Chile,61.28%,hybrid,Grupo Telefonica,61.20%,hybrid,Telefonica Brazil,60.53%,hybrid,Telefónica Business Solutions,60.52%,hybrid,Telefonica Duplicate,60.49%,hybrid,TELEFONICA UK LIMITED,60.42%,hybrid,Telefonica Vivo,60.32%,hybrid,O2 Telefonica,60.11%,hybrid
65,Travel Leaders - Dube Travel,Dube Travel Leaders,1.0000,100.00,hybrid,1.0000,5.8009,Dube Travel Leaders,100.00%,hybrid,Travel Leaders - Dube Travel,100.00%,exact,Dube Travel / Travel Leaders,93.38%,hybrid,Dube / Travel Leaders,92.16%,hybrid,Dube Travel/Travel Leaders,88.71%,hybrid,Travel Leaders Go,85.14%,hybrid,Travel Leaders Travel Quest,84.23%,hybrid,TRAVEL LEADERS INTERNATIONAL,83.73%,hybrid,Travel Leaders Travel Agency,83.66%,hybrid,TRAVEL LEADERS WORLDWIDE,83.36%,hybrid,Travel Leaders Network,83.34%,hybrid,Travel Leaders Travel Now,83.12%,hybrid,Travel Leaders WI,83.09%,hybrid,LEADERS IN TRAVEL,82.87%,hybrid,Travel Leaders Travel More,82.71%,hybrid,Travel Leaders Travelport,82.45%,hybrid,Travel Leaders Agency,82.39%,hybrid,Global Travel Leaders,82.17%,hybrid,Travel Leaders USA,81.99%,hybrid,Travel Leaders Australia,81.90%,hybrid
66,Hi- Tours,Hi- Tours,1.0000,100.00,exact,1.0000,5.8173,Hi- Tours,100.00%,exact,Hi Tours,93.00%,hybrid,Hi Life Tours,91.61%,hybrid,HI LITE TOURS,89.90%,hybrid,Hi-Tours,89.45%,hybrid,Hi Tour,81.66%,hybrid,Hi Tours2,81.34%,hybrid,Journey Tours,77.14%,hybrid,Excursion Tours,76.85%,hybrid,Nice Tours,76.71%,hybrid,Sky Tours,76.54%,hybrid,DESTINATION TOURS,76.41%,hybrid,Journeys Tours,76.38%,hybrid,FRIENDLY TOURS,76.35%,hybrid,Fun Tours,75.98%,hybrid,Great Tours,75.95%,hybrid,GO TOURS,75.91%,hybrid,Open Tours,75.86%,hybrid,Excellent Tours,75.78%,hybrid,Excellent  Tours,75.78%,hybrid
67,Volkswagen Group China,Volkswagen Group China,1.0000,100.00,exact,1.0000,6.6367,Volkswagen Group China,100.00%,exact,Volkswagen China,99.04%,hybrid,VOLKSWAGEN CHINA INVESTMENT COMPANY LTD,84.49%,hybrid,Volkswagen Group Japan,76.56%,hybrid,Volkswagen Group Australia,75.70%,hybrid,VOLKSWAGEN KOREA,75.20%,hybrid,Grupo Volkswagen,75.14%,hybrid,Group Volkswagen Spain,75.05%,hybrid,VOLKSWAGEN Group Rus,74.68%,hybrid,Volkswagen Singapore,74.62%,hybrid,Volvo Group China,74.54%,hybrid,Volkswagen Australia,74.29%,hybrid,Volkswagen Group UK,74.21%,hybrid,VOLKSWAGEN GERMANY,74.16%,hybrid,Volkswagen AG,74.10%,hybrid,Americas Volkswagen,74.02%,hybrid,Volkswagen Brazil,73.86%,hybrid,Volkswagen Group of America,73.75%,hybrid,Volkswagen Project,73.53%,hybrid,Volkswagen Dealers,73.33%,hybrid
68,Sun Tx,Sun Tx,1.0000,100.00,exact,1.0000,6.6129,Sun Tx,100.00%,exact,Sun City Texas,77.10%,hybrid,Standard Sun,73.71%,hybrid,Sun City,73.46%,hybrid,Sun Am,73.38%,hybrid,Sun Outdoors,73.37%,hybrid,sun coast,73.27%,hybrid,Rising Sun,73.23%,hybrid,Sun Com,73.23%,hybrid,Sun Vista,73.17%,hybrid,Sun Space,72.95%,hybrid,New Sun,72.78%,hybrid,Basic Sun,72.71%,hybrid,SUN TRAN,72.67%,hybrid,Sun Corp USA,72.48%,hybrid,Asian Sun,72.45%,hybrid,California Sun,72.43%,hybrid,Sun Coast Marina,72.40%,hybrid,Sun Valley Sunset,72.39%,hybrid,Sun Supply,72.37%,hybrid
69,Southern Vermont Deerfield Valley Chamber of commerce,Southern Vermont Deerfield Valley Chamber of commerce,1.0000,100.00,exact,1.0000,5.6302,Southern Vermont Deerfield Valley Chamber of commerce,100.00%,exact,Deerfield Beach Chamber of Commerce,66.75%,hybrid,Chamber of Commerce Mid-Ohio Valley,65.76%,hybrid,Northwest Valley Chamber of Commerce,62.28%,hybrid,South Valley Chamber of Commerce,62.01%,hybrid,Greater Valley Chamber of Commerce,61.76%,hybrid,Utah Valley Chamber of Commerce,61.74%,hybrid,Eagle Valley Chamber of Commerce,61.23%,hybrid,Deerfield Chamber of Commerce,60.95%,hybrid,Vermont Chamber of Commerce,59.36%,hybrid,Deer Park Chamber of Commerce,56.12%,hybrid,Northern Virginia Chamber of Commerce,52.62%,hybrid,Virginia Peninsula Chamber of Commerce,52.11%,hybrid,Wyoming State Chamber of Commerce,51.98%,hybrid,Midwest City Chamber of Commerce,51.75%,hybrid,Meadowlands Regional Chamber of Commerce,51.71%,hybrid,North Brunswick Chamber of Commerce,51.62%,hybrid,West Virginia Chamber of Commerce,51.17%,hybrid,Beaver Area Chamber of Commerce,50.95%,hybrid,Meadowlands Chamber of Commerce,48.08%,hybrid
70,DGR Ministries,DGR Ministries,1.0000,100.00,exact,1.0000,6.6632,DGR Ministries,100.00%,exact,DG Ministries,76.31%,hybrid,Power Ministries,74.51%,hybrid,Impact Ministries,73.51%,hybrid,Progressive Ministries,73.15%,hybrid,Empowered Ministries,73.07%,hybrid,Total Ministries,72.96%,hybrid,Customized Ministries,72.84%,hybrid,Chosen Generation Ministries,72.77%,hybrid,Legacy Ministries,72.76%,hybrid,Chosen Ministries,72.76%,hybrid,Caring Ministries,72.74%,hybrid,CHIEF MINISTRIES,72.67%,hybrid,Regional Ministries,72.60%,hybrid,Life Ministries,72.58%,hybrid,Partnership Ministries,72.49%,hybrid,Run Ministries,72.40%,hybrid,Sure ministries,72.37%,hybrid,CV Ministries,72.30%,hybrid,RI Ministries,72.29%,hybrid
71,Impacto 6,Impacto 6,1.0000,100.00,exact,1.0000,6.0651,Impacto 6,100.00%,exact,Impacto 52,83.78%,hybrid,Impacto Strategies,83.39%,hybrid,Impacto Vital,81.21%,hybrid,Triple Impacto,81.02%,hybrid,Impacto Tactico,80.71%,hybrid,Impacto de Fe,80.46%,hybrid,Impacto EDL,80.07%,hybrid,Primer Impacto,78.94%,hybrid,Impacto Productive Products,78.65%,hybrid,Impacto YOUTH,77.51%,hybrid,Impacto Inc.,64.27%,hybrid,Impact 365,45.63%,hybrid,Impact 360,44.50%,hybrid,Impact ON,43.45%,hybrid,Impact 88,42.61%,hybrid,Impact Now,42.36%,hybrid,Impact RTO,42.31%,hybrid,Impact XXI,42.30%,hybrid,Impact First,40.95%,hybrid
72,"Neos Therapeutics, Inc.","Neos Therapeutics, Inc.",1.0000,100.00,exact,1.0000,5.0271,"Neos Therapeutics, Inc.",100.00%,exact,Neos Therapeutics,93.68%,hybrid,Neos Therapeutics LP,85.25%,hybrid,"Neogene Therapeutics, Inc.",76.88%,hybrid,Neogene Therapeutics,73.98%,hybrid,Neos Partners,73.14%,hybrid,NEOS Central,73.10%,hybrid,Neos Spa,72.35%,hybrid,Neos Therapeutic,59.17%,hybrid,Neo Medical Inc,44.26%,hybrid,NEOS,43.44%,hybrid,Neo Medical,42.65%,hybrid,Neo Medic,42.26%,hybrid,Neo Health Services,42.11%,hybrid,Neo Productions,41.06%,hybrid,Neo Partners,40.57%,hybrid,Neo Surgical,40.32%,hybrid,Neo Healthcare Services,40.22%,hybrid,Neo Health,40.06%,hybrid,Neos LLC,39.93%,hybrid
73,International Tax Institute,International Tax Institute,1.0000,100.00,exact,1.0000,6.2213,International Tax Institute,100.00%,exact,INTERNATIONAL TAX INSTITUTE INC,97.72%,hybrid,International Property Tax Institute,92.25%,hybrid,National Tax Institute,90.41%,hybrid,International Tax & Auditing Institute,87.82%,hybrid,Professional Tax Institute,87.39%,hybrid,Tax Research Institute,87.13%,hybrid,Federal Tax Institute,87.07%,hybrid,International Tax Form,86.94%,hybrid,Tax Executive Institute,86.81%,hybrid,International Tax Advisors,86.57%,hybrid,International Tax Review,86.10%,hybrid,Tax Executives Institute,85.38%,hybrid,Bank Tax Institute,85.15%,hybrid,Tax Planning Institute,84.68%,hybrid,SALES TAX INSTITUTE,84.67%,hybrid,Tax Freedom Institute,84.59%,hybrid,Tax Reduction Institute,84.12%,hybrid,Council for International Tax,84.00%,hybrid,American Tax Policy Institute,83.77%,hybrid
74,Mitsubishi M501G,Mitsubishi M501G,1.0000,100.00,exact,1.0000,6.4161,Mitsubishi M501G,100.00%,exact,NEC Mitsubishi,78.09%,hybrid,Mitsubishi Power,77.88%,hybrid,Mitsubishi Motors,77.87%,hybrid,MITSUBISHI MOTOR,77.84%,hybrid,Mitsubishi Electronics,77.74%,hybrid,Mitsubishi Electric,77.39%,hybrid,Mitsubishi Japan,77.20%,hybrid,Mitsubishi Canada,76.52%,hybrid,Mitsubishi Ingredients,76.51%,hybrid,Mitsubishi USA,76.36%,hybrid,Mitsubishi Engine,76.36%,hybrid,Mitsubishi Securities,76.17%,hybrid,Mitsubishi Chemical,76.02%,hybrid,Mitsubishi Germany,75.93%,hybrid,Mitsubishi Dealers,75.91%,hybrid,Mitsubishi Materials,75.89%,hybrid,Mitsubishi Digital,75.86%,hybrid,MITSUBISHI ELECTRIC AUTOMOTIVE,75.81%,hybrid,MITSUBISHI ELECTRIC AME,75.70%,hybrid
75,Huskies Sports,Huskies Sports,1.0000,100.00,exact,1.0000,7.6570,Huskies Sports,100.00%,exact,Huskies Basketball,77.10%,hybrid,Miami Huskies,75.90%,hybrid,Mass Huskies,75.62%,hybrid,Huskies Hockey League,75.40%,hybrid,Huskies Hockey Club,74.91%,hybrid,Dual State Huskies,73.70%,hybrid,NH Huskies,73.67%,hybrid,Huskies Elite Cheer,73.39%,hybrid,Huskies Baseball State Tournament,73.22%,hybrid,Howard Huskies,72.67%,hybrid,UConn Huskies Athletics,72.29%,hybrid,Horizon Huskies,72.23%,hybrid,HRS Huskies,72.11%,hybrid,Empire State Huskies,71.97%,hybrid,North Toronto Huskies,71.52%,hybrid,University of Saskatchewan Huskies Athletics,71.51%,hybrid,Mid Huron Huskies,71.32%,hybrid,Bershire Huskies,71.20%,hybrid,New Mexico Huskies,70.82%,hybrid
76,Acacia Pharma Group Inc.,Acacia Pharma Group Inc.,1.0000,100.00,exact,1.0000,5.8416,Acacia Pharma Group Inc.,100.00%,exact,"ACACIA PHARMA, Inc.",94.13%,hybrid,Acacia Pharma,92.20%,hybrid,Acacia Pharma Ltd,91.70%,hybrid,Acacia Research Group,77.37%,hybrid,Acacia Network Inc.,77.23%,hybrid,Acacia Partners,75.81%,hybrid,Acacia Travel Inc.,75.77%,hybrid,Acacia Financial Group,75.48%,hybrid,Acacia Marketing  Group,75.00%,hybrid,Acacia Marketing Group,75.00%,hybrid,Acacia Research Corp,74.91%,hybrid,Acacia Institute,74.68%,hybrid,Acacia Systems,73.74%,hybrid,ACACIA NETWORK,73.63%,hybrid,ACACIA GROUP OF COMPANIES,73.61%,hybrid,Acacia Designs,73.61%,hybrid,Acacia Technologies LLC,73.47%,hybrid,Acacia University,73.43%,hybrid,Acacia Technologies,73.40%,hybrid
77,Acumatica Summit 2017 Z7NWPDKS625,Acumatica Summit 2017 Z7NWPDKS625,1.0000,100.00,exact,1.0000,5.0161,Acumatica Summit 2017 Z7NWPDKS625,100.00%,exact,Acumatica User Group Southeast,52.82%,hybrid,Contact Center Compliance Summit,51.70%,hybrid,Acumatica Asia,50.26%,hybrid,ACUMATICA PRESIDENTS CLUB,49.56%,hybrid,Acumatica - Sales Office,49.46%,hybrid,Acumatica The Cloud ERP,49.20%,hybrid,Medical Device Summit,47.46%,hybrid,ACMG Icws 2017,44.39%,hybrid,ACA Summit,41.93%,hybrid,Zillow Summit,41.89%,hybrid,POWER SUMMIT,41.50%,hybrid,Summit Tire,41.40%,hybrid,MNG Summit,41.37%,hybrid,Medical Summit,41.25%,hybrid,MD Summit,41.17%,hybrid,Acumatica,36.28%,hybrid,NM Rheumatic Disease Society,31.08%,hybrid,Neumaticos Goodyear S R L,30.31%,hybrid,"Acumatica, Inc.",30.24%,hybrid
78,Linklaters CIS,Linklaters CIS,1.0000,100.00,exact,1.0000,5.8690,Linklaters CIS,100.00%,exact,CIS Partners,76.22%,hybrid,Cis GmbH,75.81%,hybrid,One Cis,75.71%,hybrid,CIS Method,75.64%,hybrid,Cis 22,75.24%,hybrid,CIS Groups,74.90%,hybrid,Cis Global,74.64%,hybrid,Cis Technologies,74.08%,hybrid,Cis Secure,73.71%,hybrid,Groupe CIS,73.45%,hybrid,Affiliates of Cis,73.32%,hybrid,CIS Conf,73.32%,hybrid,Trio Cis,73.28%,hybrid,CIS Conference,73.03%,hybrid,STEELE CIS,72.94%,hybrid,Cis,67.61%,hybrid,CIS Ltd,63.12%,hybrid,CIS Group,61.01%,hybrid,CIS Group Corporation,60.12%,hybrid
79,Christian Girls Family Ministry,Christian Girls Family Ministry,1.0000,100.00,exact,1.0000,6.1701,Christian Girls Family Ministry,100.00%,exact,Christian Girls Family Ministry Training,88.38%,hybrid,Christian Faith Fellowship Couples Ministry,74.49%,hybrid,Christian Family Fellowship Church,74.47%,hybrid,FRIENDSHIP CHRISTIAN CHURCH MINISTRY,74.36%,hybrid,Christian Bible Church Marriage Ministry,73.95%,hybrid,Community Outreach Christian Ministry,73.80%,hybrid,Christian Growth Family Ministries,73.25%,hybrid,Christian Family Bible Fellowship,73.25%,hybrid,Christian Friends Ministry,70.21%,hybrid,Christian Womens Ministry,70.06%,hybrid,Christian Youth Ministry,69.69%,hybrid,Christian Marriage Ministry,69.47%,hybrid,Christian Community Ministry,69.38%,hybrid,Family Christian Church,68.64%,hybrid,Christian Family Church,68.42%,hybrid,Fellowship Christian Ministry,68.15%,hybrid,CHRISTIAN MINISTRY FELLOWSHIP,67.97%,hybrid,Christian Fellowship Ministry,67.95%,hybrid,Christian Life Ministry,67.72%,hybrid
80,Alosa Foundation,Alosa Foundation,1.0000,100.00,exact,1.0000,6.0562,Alosa Foundation,100.00%,exact,Formosa Foundation,70.52%,hybrid,CL Foundation,66.37%,hybrid,CAP Foundation,66.08%,hybrid,FIRST FOUNDATION,65.99%,hybrid,UH FOUNDATION,65.78%,hybrid,New Foundation,65.77%,hybrid,Foundation Workshop,65.68%,hybrid,Robina Foundation,65.61%,hybrid,Alwan Foundation,65.59%,hybrid,UM Foundation,65.43%,hybrid,NEST Foundation,65.38%,hybrid,Llosa's foundation,65.38%,hybrid,Foundation Building,65.33%,hybrid,SEE Foundation,65.32%,hybrid,Barrett Foundation,65.23%,hybrid,Serra Foundation,65.22%,hybrid,Ash Foundation,65.21%,hybrid,BE Foundation,65.19%,hybrid,Give Foundation,65.12%,hybrid
81,La Chaine des Rotisseurs Wine Club of Newport Beach,La Chaine des Rotisseurs Wine Club of Newport Beach,1.0000,100.00,exact,1.0000,5.1572,La Chaine des Rotisseurs Wine Club of Newport Beach,100.00%,exact,La Chaine des Rotisseurs Wine Club of Ne,82.59%,hybrid,Newport Beach Wine Festival,52.85%,hybrid,Southern Trace Wine Club,49.11%,hybrid,Cleveland Wine Club,42.39%,hybrid,Diversity Wine Club,41.76%,hybrid,Queen Wine Club,41.71%,hybrid,The Virginia Wine Club,41.02%,hybrid,Groupe Wine Club,40.72%,hybrid,Wine La,39.86%,hybrid,Wine Club,35.35%,hybrid,Vintage West Wine Marketing,33.93%,hybrid,Classic Wine of California,33.22%,hybrid,Wine Connoisseur Magazine,33.20%,hybrid,Bowler Wine Merchants,32.67%,hybrid,Wine Connoisseur,32.55%,hybrid,Vintage Wine Society,32.34%,hybrid,Vintage Wine Distributors,32.27%,hybrid,Los Angeles Wine Tasting,32.24%,hybrid,Vintage Wine Fest,31.74%,hybrid
82,"Sumner & Ryan, LLC","Sumner & Ryan, LLC",1.0000,100.00,exact,1.0000,5.1454,"Sumner & Ryan, LLC",100.00%,exact,Miller Ryan LLC,77.16%,hybrid,Ryan Moving LLC,77.10%,hybrid,Ryan Companies,76.38%,hybrid,Sumner 360,75.11%,hybrid,Ryan Sellers,74.99%,hybrid,"Ryan Specialty, LLC",74.88%,hybrid,Ryan Law Firm,74.85%,hybrid,Ryan Ryan Law Firm,74.76%,hybrid,Ryan McCall,74.47%,hybrid,Ryan Racing LLC,74.16%,hybrid,Ryan Contracting,73.94%,hybrid,"Ryan Read, LLC",73.55%,hybrid,Ryan Enterprise,73.51%,hybrid,Sumner Baseball,73.50%,hybrid,Sumner Law Offices,73.46%,hybrid,Ryan Law,73.39%,hybrid,"Anderson and Ryan, LLC",73.22%,hybrid,Ryan Consulting,73.20%,hybrid,"Ryan Mitchell Associates, LLC",73.16%,hybrid
83,Tilt Creative & Production,Tilt Creative & Production,1.0000,100.00,exact,1.0000,5.7906,Tilt Creative & Production,100.00%,exact,Tilt Creative + Production,95.08%,hybrid,Creative Production Design,79.84%,hybrid,Creative Production Incentives,77.10%,hybrid,Tilt Production,74.53%,hybrid,Full Tilt Marketing,57.45%,hybrid,ON TILT ENTERTAINMENT,57.39%,hybrid,Creative Talent Endeavors,56.58%,hybrid,Tilt Promotions,52.99%,hybrid,Creative Productions,51.99%,hybrid,Brightly Creative,51.96%,hybrid,Creative Direction,51.90%,hybrid,Creative Creations,51.70%,hybrid,Creative Fusion,51.59%,hybrid,Creative Works,51.37%,hybrid,Impact Creative,51.34%,hybrid,Verve Creative,51.31%,hybrid,Bright Creative,51.21%,hybrid,Creative Endeavors,51.15%,hybrid,Twist Creative,51.10%,hybrid
84,Cerberus Capital,Cerberus Capital,1.0000,100.00,exact,1.0000,5.8753,Cerberus Capital,100.00%,exact,Cerberus Capital Management,90.21%,hybrid,Cerberus Capital Management L,88.00%,hybrid,Cerberus Capital Management LP,87.39%,hybrid,*Cerberus Capital,82.49%,hybrid,Cerberus Capitol Management,75.26%,hybrid,Cerberus Global Investments,74.75%,hybrid,Cerberus Law,74.50%,hybrid,CEC Capital,74.33%,hybrid,Siemens Cerberus,73.02%,hybrid,CERBERUS (CHRYSLER FINANCIAL),72.82%,hybrid,Cerberus Sentinel,72.17%,hybrid,Merus Capital,71.32%,hybrid,CEC Capital Group,70.77%,hybrid,Siemens Cerberus Division,70.67%,hybrid,CERBERUS (NEWPAGE),70.55%,hybrid,Cerberus Operations & Advisory Company,70.51%,hybrid,Ecus Capital,70.25%,hybrid,Cerverus Capital Management,70.21%,hybrid,Cerberus,65.65%,hybrid
85,Institute of Health Technology Transformation,Institute of Health Technology Transformation,1.0000,100.00,exact,1.0000,5.4643,Institute of Health Technology Transformation,100.00%,exact,Institute for Health Technology Transformation,95.82%,hybrid,INSTITUTE FOR HEALTH & TECHNOLOGY TRANSFORMATION,92.33%,hybrid,Health Science Technology Education,77.33%,hybrid,Achieve Health Care Technology,75.73%,hybrid,Technology Health Experience,72.79%,hybrid,Unified Health Technology,72.04%,hybrid,Health Technology Association,71.58%,hybrid,HEALTH TECHNOLOGY ASSESSMENT,71.19%,hybrid,Health Technology Center,71.12%,hybrid,Health Technology Exchange,70.88%,hybrid,Health Information Technology,70.73%,hybrid,Future of Health Technology,70.54%,hybrid,Health Technology,68.59%,hybrid,Health Technology Limited,62.63%,hybrid,Healthcare Innovation Technology,58.53%,hybrid,Healthy Technology Initiative,57.08%,hybrid,Healthcare Systems Technology,56.14%,hybrid,Health Tech Next Generation,55.96%,hybrid,Health Innovation Technologies,54.66%,hybrid
86,The Jones Assembly,The Jones Assembly,1.0000,100.00,exact,1.0000,6.2758,The Jones Assembly,100.00%,exact,The Jones Assembly Presents,87.75%,hybrid,General Assembly,74.35%,hybrid,1st Assembly,74.35%,hybrid,Bill Jones,74.14%,hybrid,Jones Power,74.03%,hybrid,First Assembly,73.83%,hybrid,Jones Institute,73.63%,hybrid,Jones Ag,73.61%,hybrid,Jones Companies,73.43%,hybrid,Assembly Required,73.25%,hybrid,ACTS Assembly,73.24%,hybrid,JONES & JONES PRODUCTION LTD,73.23%,hybrid,Morgan Jones,73.15%,hybrid,CC Jones,73.13%,hybrid,Jones Capital,72.99%,hybrid,J Jones,72.88%,hybrid,State Assembly,72.87%,hybrid,Ed Jones,72.84%,hybrid,Advanced Assembly,72.82%,hybrid
87,American Black Film Insitutute,American Black Film Insitutute,1.0000,100.00,exact,1.0000,5.3551,American Black Film Insitutute,100.00%,exact,American Black Film Festival,81.58%,hybrid,American Black Film Festival Ventures,80.19%,hybrid,Black Women Film Preservation,74.05%,hybrid,HOLLYWOOD BLACK FILM FESTIVAL,72.57%,hybrid,International Black Film Festival,72.34%,hybrid,National Black Film Festival,72.07%,hybrid,Independent Black Film Festival,71.51%,hybrid,CANADIAN BLACK FILM FESTIVAL,71.14%,hybrid,BLACK FILM SPACE,69.76%,hybrid,Black Film Initiative,69.29%,hybrid,American Film Works,66.65%,hybrid,American Independent Film,66.09%,hybrid,American Film Convention,64.77%,hybrid,American Film Market,64.62%,hybrid,We Make Black Films,56.19%,hybrid,Black Women Film! Canada,54.22%,hybrid,BLACK FOLKS MAKE MOVIES,53.27%,hybrid,National Black Movie Association,53.08%,hybrid,African Film Commission,51.52%,hybrid
88,Berk Tek,Berk Tek,1.0000,100.00,exact,1.0000,5.7643,Berk Tek,100.00%,exact,Berk-Tek,89.37%,hybrid,Berk Tek / Leviton,82.78%,hybrid,Berk Tck,74.57%,hybrid,Berk Technologies,73.29%,hybrid,TEK Source,73.25%,hybrid,World Tek,72.27%,hybrid,Tek Travel,71.85%,hybrid,New Tek,71.45%,hybrid,Paul Berk Travel,71.25%,hybrid,Tek Systems,71.17%,hybrid,Berk Communications,71.15%,hybrid,Tek Interests,71.11%,hybrid,Tek Productions,71.00%,hybrid,TEK Products,70.97%,hybrid,Star TEK,70.74%,hybrid,Future TEK,70.60%,hybrid,Hi G Tek,70.56%,hybrid,Stone Tek Technologies,70.32%,hybrid,V Tek,70.20%,hybrid
89,Northbridge Travel,Northbridge Travel,1.0000,100.00,exact,1.0000,6.9056,Northbridge Travel,100.00%,exact,Northbridge Communities,77.23%,hybrid,Bridge Travel,77.15%,hybrid,WestBridge Travel,77.13%,hybrid,Northbridge Environmental,76.84%,hybrid,Skybridge Travel,76.10%,hybrid,Seabridge Travel,75.82%,hybrid,Northbridge Insurance,75.47%,hybrid,KingsBridge Travel,75.30%,hybrid,Northbridge Church,75.11%,hybrid,Northbridge Trading,74.89%,hybrid,Northbridge Financial,74.80%,hybrid,Travel Bridge,74.36%,hybrid,River North Travel,74.10%,hybrid,Northbridge Assurance,73.67%,hybrid,Northbridge,67.15%,hybrid,North Bridge,46.39%,hybrid,Woodbridge Crossing,38.28%,hybrid,Travelbridge,37.66%,hybrid,Crossbridge,35.21%,hybrid
90,Kohler 2024,Kohler 2024,1.0000,100.00,exact,1.0000,5.8510,Kohler 2024,100.00%,exact,Destination Kohler,81.44%,hybrid,Kohler Distributing,81.43%,hybrid,Kohler Fixtures,80.42%,hybrid,Kohler Generators,80.13%,hybrid,Kohler Recreation,80.13%,hybrid,Destination Kohler Retail,80.03%,hybrid,Kohler Lighting,80.03%,hybrid,Kohler Germany,79.91%,hybrid,Kohler Wholesale,79.84%,hybrid,Kohler Energy,79.78%,hybrid,Kohler Expos,79.78%,hybrid,Kohler Landscape,79.70%,hybrid,Kohler Services,79.56%,hybrid,DCC Kohler,79.54%,hybrid,Kohler Design Center,79.44%,hybrid,Kohler Construction,79.38%,hybrid,Mark Kohler,79.27%,hybrid,Kohler Company Distribution Center,79.27%,hybrid,Kohler Company Kohler Learning,79.25%,hybrid
91,Louisiana State University Swim,Louisiana State University Swim,1.0000,100.00,exact,1.0000,6.4700,Louisiana State University Swim,100.00%,exact,Louisiana State Univ Swim,88.37%,hybrid,LOUISIANA STATE UNIVERSITY ATHLETICS,80.17%,hybrid,Louisiana State University USA,80.12%,hybrid,Louisiana State University Health,79.84%,hybrid,Louisiana State University Football,79.32%,hybrid,Louisiana State University Trips,79.07%,hybrid,Louisiana State University Education Alumni,78.71%,hybrid,Louisiana State University System,78.69%,hybrid,Southeastern Louisiana State University,78.13%,hybrid,Louisiana State University Press,77.99%,hybrid,Florida State Swim Team,76.04%,hybrid,Florida State Swim Meet,75.15%,hybrid,Louisiana State University,74.64%,hybrid,Louisiana Swim Team,72.82%,hybrid,State Swim Championships,70.43%,hybrid,Boston University Swim Team,70.35%,hybrid,Indiana University Swim Team,70.16%,hybrid,Emory University Swim Team,70.05%,hybrid,Tufts University Swim Team,70.02%,hybrid
92,X DO NOT USE - FRANCIS PARKER SCHOOL,X DO NOT USE - FRANCIS PARKER SCHOOL,1.0000,100.00,exact,1.0000,4.8480,X DO NOT USE - FRANCIS PARKER SCHOOL,100.00%,exact,Francis Parker School,65.19%,hybrid,Francis Parker School English Department,58.57%,hybrid,Francis Parker School of San Diego,57.93%,hybrid,Francis Parker High School,57.41%,hybrid,Francis Parker School Prom,55.92%,hybrid,Francis Parker,55.00%,hybrid,"Francis W. Parker School, Chicago",54.66%,hybrid,Francis W. Parker School,54.55%,hybrid,St. Francis Xavier Secondary School,49.72%,hybrid,Parker High School Class of 1984,49.22%,hybrid,St Francis Xavier School,47.41%,hybrid,Terry Parker High School,46.46%,hybrid,St Francis High School,46.31%,hybrid,Robert C. Parker School,46.26%,hybrid,Francis Walsh Intermediate School,46.19%,hybrid,Saint Francis Prep School,46.04%,hybrid,St. Francis Elementary School,45.87%,hybrid,St. Francis Xavier School,45.70%,hybrid,Saint Francis High School,45.24%,hybrid
93,"Mitsubishi Motor Sales of America, Incorporated","Mitsubishi Motor Sales of America, Incorporated",1.0000,100.00,exact,1.0000,5.4720,"Mitsubishi Motor Sales of America, Incorporated",100.00%,exact,Mitsubishi Motor Sales of America,97.74%,hybrid,Mitsubishi Electronic Sales America,85.44%,hybrid,Mitsubishi Motors Sales of America,85.43%,hybrid,Mitsubishi Motor Sales of Caribbean,83.66%,hybrid,Mitsubishi Electric Sales of America,83.52%,hybrid,Mitsubishi Motor Sales Of Amer,83.48%,hybrid,"Mitsubishi Motor Sales of Canada, Incorporated",83.48%,hybrid,Mitsubishi Motors Sales Caribbean,77.91%,hybrid,Mitsubishi Electric Sales Canada,77.39%,hybrid,Mitsubishi Motors N America Inc,77.01%,hybrid,Mitsubishi Electric Automotive America,76.47%,hybrid,Mitsubishi Sales Caribbean,71.18%,hybrid,MITSUBISHI ELECTRIC AMERICA,69.96%,hybrid,MITSUBISHI MOTOR,68.59%,hybrid,Mitsubishi Motor Corporation,67.45%,hybrid,Mitsubishi Motor Company,66.97%,hybrid,Mitsubishi  Motors Mexico,56.43%,hybrid,Mitsubishi Motors Dallas,55.14%,hybrid,MITSUBISHI ELECTRIC AUTOMOTIVE,55.11%,hybrid
94,Energy Distribution Partners Holdings',Energy Distribution Partners Holdings',1.0000,100.00,exact,1.0000,5.6703,Energy Distribution Partners Holdings',100.00%,exact,Energy Distribution Partners,80.53%,hybrid,Energy Distribution Partners Holdings L.P.,80.30%,hybrid,Energy Products Distribution,71.58%,hybrid,Distribution Energy Financial Group,71.51%,hybrid,Energy Distributors Partners,69.44%,hybrid,Energy Distribution Holdings,69.09%,hybrid,Energy Power Partners,68.83%,hybrid,Total Energy Partners,68.78%,hybrid,Resource Energy Partners,68.24%,hybrid,Energy Impact Partners,67.79%,hybrid,Energy Trust Partners,67.73%,hybrid,Energy Solution Partners,67.67%,hybrid,Global Energy Partners,67.29%,hybrid,Direct Energy Partners,67.25%,hybrid,Energy Service Partners,67.21%,hybrid,Energy Capital Partners,67.20%,hybrid,Home Energy Partners,67.16%,hybrid,Energy Transfer Partners,66.80%,hybrid,BP Energy Partners,66.52%,hybrid
95,ThinkAdvisor,ThinkAdvisor,1.0000,100.00,exact,1.0000,5.6218,ThinkAdvisor,100.00%,exact,Planadvisor,46.48%,hybrid,TRIPADVISOR,45.70%,hybrid,NeXtAdvisors,45.31%,hybrid,Invisors,43.33%,hybrid,TripAdvisor LLC,43.06%,hybrid,Proadvisors,42.41%,hybrid,ChannelAdvisor,41.99%,hybrid,ChannelAdvisor Corporation,41.97%,hybrid,Homeadvisor,41.32%,hybrid,PlanAdviser,41.26%,hybrid,CHANNELADVISORS,41.23%,hybrid,Envisor,41.01%,hybrid,NeXtAdvisors LLC,40.88%,hybrid,ScoutAdvisor Corporation,39.26%,hybrid,ProminenceAdvisors,38.47%,hybrid,INVIS,38.25%,hybrid,"ProAdvisors, Inc",37.86%,hybrid,KnowledgeAdvisors,37.66%,hybrid,Norvisor,37.11%,hybrid
96,Jump on it Outreach,Jump on it Outreach,1.0000,100.00,exact,1.0000,5.8716,Jump on it Outreach,100.00%,exact,Air Force Outreach Program,60.70%,hybrid,Above N Beyond Outreach,60.69%,hybrid,Outreach,59.81%,hybrid,OutReach Program Development,56.67%,hybrid,Community Outreach Program,56.18%,hybrid,Friendly Outreach Mission,55.62%,hybrid,New Creation Outreach,55.41%,hybrid,Jump,55.31%,hybrid,Outreach Youth Training,55.23%,hybrid,Community Outreach Center,54.97%,hybrid,General Human Outreach,54.96%,hybrid,Human Outreach Project,54.93%,hybrid,Breakthrough Outreach Center,54.92%,hybrid,Community Outreach Workshop,54.77%,hybrid,Outreach Incorporated,54.66%,hybrid,Outreach Training,52.31%,hybrid,Outreach Strategies,52.08%,hybrid,Outreach Project,51.68%,hybrid,Training Outreach,51.13%,hybrid
97,The Association of Ringside Consultants (ARC),The Association of Ringside Consultants (ARC),1.0000,100.00,exact,1.0000,4.7512,The Association of Ringside Consultants (ARC),100.00%,exact,Association of Ringside Physicians,69.04%,hybrid,Ringside,56.43%,hybrid,Arc-Consultants,54.60%,hybrid,"Ringside, Incorporated",54.19%,hybrid,"ARC CONSULTANTS,  INC.",50.52%,hybrid,Arcadis Consultants,50.24%,hybrid,Circle Consultants,50.06%,hybrid,Diamond Consultants,49.68%,hybrid,Ringside Talent,49.18%,hybrid,ARCOM Association,45.73%,hybrid,Arc Bridge Consultant Inc,41.16%,hybrid,5 Rings Consulting Inc.,38.61%,hybrid,ARC Consulting,38.56%,hybrid,Arc Consultancy LTD,37.35%,hybrid,Arc Consulting LLC,37.14%,hybrid,Ringler Insurance Agency,34.92%,hybrid,CBIZ Arc Consulting,34.58%,hybrid,"ARC Consulting, LLC",34.43%,hybrid,ARC Professional Services Group,33.44%,hybrid
98,SFA HASA,SFA HASA,1.0000,100.00,exact,1.0000,5.8660,SFA HASA,100.00%,exact,SFA Companies,77.60%,hybrid,SFA Leads,77.30%,hybrid,Sfa Charter,76.36%,hybrid,SFA Partners,76.35%,hybrid,SFA System Account,75.75%,hybrid,SFA Opportunity,75.17%,hybrid,SFA Design,74.87%,hybrid,SFA Designs,74.19%,hybrid,SFA Training,74.00%,hybrid,Stalla SFA,73.87%,hybrid,SFA Saniflo,73.83%,hybrid,SFA,68.59%,hybrid,SFA Inc,64.57%,hybrid,SFA Group,63.03%,hybrid,"Sfa, Incorporated",61.65%,hybrid,SFA Inc.,61.49%,hybrid,"SFA, LLC",60.18%,hybrid,SFCASA,38.71%,hybrid,SF Data,38.34%,hybrid
99,Grupo Duracell Ene 2025,Grupo Duracell Ene 2025,1.0000,100.00,exact,1.0000,5.1445,Grupo Duracell Ene 2025,100.00%,exact,Grupo GT5 Brasil,50.57%,hybrid,Duracell Research Development,50.16%,hybrid,Grupo Brasil DPE,50.08%,hybrid,Duracell Brasil,49.41%,hybrid,Grupo CLC 2024,49.25%,hybrid,Grupo GT 5,49.24%,hybrid,2025 Ag Event,47.64%,hybrid,2025 LEMA Affiliates,47.34%,hybrid,2025 OLL Trip,46.40%,hybrid,Duracell Chile,46.31%,hybrid,Convene Columbus 2025,46.24%,hybrid,DURACELL USA,46.15%,hybrid,Duracell Services,45.94%,hybrid,Professional Duracell,45.60%,hybrid,Duracell UK,45.41%,hybrid,Duracell China Ltd,44.76%,hybrid,Duracell Australia,44.47%,hybrid,Duracell International Inc.,44.37%,hybrid,Duracell Canada,44.29%,hybrid
100,World Association of Medical Law,World Association of Medical Law,1.0000,100.00,exact,1.0000,5.2650,World Association of Medical Law,100.00%,exact,World Association for Medical Law,96.50%,hybrid,World Medical Association,78.08%,hybrid,International Law Association,70.07%,hybrid,Pacific Medical Law,69.97%,hybrid,California Medical Legal Association,69.83%,hybrid,Professional Medical Education Association,69.60%,hybrid,Association Hospital Medical Education,69.34%,hybrid,Mass Medical Association,66.21%,hybrid,MEDICAL DOCTORS ASSOCIATION,66.20%,hybrid,Physicians Medical Association,65.68%,hybrid,Medical Research Association,65.67%,hybrid,National Medical Association,65.42%,hybrid,American Medical Association,64.51%,hybrid,Medical Association Management,64.50%,hybrid,Medical Management Association,64.32%,hybrid,Western Medical Association,64.29%,hybrid,Patient Medical Association,64.26%,hybrid,Patient Medical  Association,64.26%,hybrid,Medical Association Event,64.18%,hybrid
