row_id,query_company,query_city,query_state,match_rank,match_name,match_city,match_state,match_row_id,score,tier,match_type,string_score,semantic_score,location_score
7878957,Visit Salt Lake,San Francisco,CA,1,Visit Salt Lake,,,,1.0000,High,Exact,1.0000,7.0241,0.0000
7878957,Visit Salt Lake,San Francisco,CA,2,Visit Salt Lake,Crown Point,IN,,1.0000,High,Exact,1.0000,5.1586,0.0000
7878957,Visit Salt Lake,San Francisco,CA,3,Visit Salt Lake,,IN,,0.9812,High,Exact,1.0000,6.5035,0.0000
7878957,Visit Salt Lake,San Francisco,CA,4,Visit Salt Lake,Mill Valley,CA,,0.9700,High,Exact,1.0000,5.1527,0.4000
7878957,Visit Salt Lake,San Francisco,CA,5,Visit Salt Lake,Salt Lake City,UT,,0.9644,High,Exact,1.0000,5.9188,0.0000
7879015,"Servant Keeper, LLC",Elizabethtown,KY,1,Servant Keeper Events,,,,0.7600,Medium,Semantic,0.8182,4.8960,0.0000
7879015,"Servant Keeper, LLC",Elizabethtown,KY,2,Servant Keeper Events,Peabody,MA,,0.7600,Medium,Semantic,0.8182,3.4855,0.0000
7879015,"Servant Keeper, LLC",Elizabethtown,KY,3,Servant Keeper Events,Charlotte,NC,,0.7600,Medium,Semantic,0.8182,3.6188,0.0000
7879015,"Servant Keeper, LLC",Elizabethtown,KY,4,Servant Keeper Events,Portland,OR,,0.7600,Medium,Semantic,0.8182,3.6431,0.0000
7879015,"Servant Keeper, LLC",Elizabethtown,KY,5,Servant Keeper Events,Morrisville,NC,,0.7600,Medium,Semantic,0.8182,3.3522,0.0000
7879342,NWACUHO - Northwest Association of College & University Housing Officers,Fairbanks,AK,1,Southwest Association College University Housing Officers,,,,0.6712,Low,Semantic,0.7102,4.3352,0.0000
7879342,NWACUHO - Northwest Association of College & University Housing Officers,Fairbanks,AK,2,Southwest Association College & University Housing Officers,,,,0.6711,Low,Semantic,0.7102,4.2035,0.0000
7879342,NWACUHO - Northwest Association of College & University Housing Officers,Fairbanks,AK,3,Western Association of College University Housing Officers,,,,0.6692,Low,Semantic,0.7102,4.1178,0.0000
7879342,NWACUHO - Northwest Association of College & University Housing Officers,Fairbanks,AK,4,Northwest Association of College and University Housing Officers,Ashland,OR,,0.6682,Low,Semantic,0.7670,3.4386,0.0000
7879342,NWACUHO - Northwest Association of College & University Housing Officers,Fairbanks,AK,5,Mid-Atlantic Association of College and University Housing Officers,,,,0.6601,Low,Semantic,0.7812,3.3251,0.0000
7879999,meeting Source Prestige Global,Arlington Heights,IL,1,Prestige | Global Meeting Source,Arlington Heights,IL,,0.9692,High,Semantic,0.8636,3.4391,1.0000
7879999,meeting Source Prestige Global,Arlington Heights,IL,2,Prestige Global Meeting Source [PRIMARY],Arlington Heights,IL,,0.9600,High,Semantic,0.8636,3.3926,1.0000
7879999,meeting Source Prestige Global,Arlington Heights,IL,3,Prestige Global Meeting Source - MN & MO,Arlington Heights,IL,,0.9600,High,Semantic,0.7917,3.1243,1.0000
7879999,meeting Source Prestige Global,Arlington Heights,IL,4,Prestige Meeting Source,Arlington Heights,IL,,0.9200,High,Semantic,0.8182,3.3169,1.0000
7879999,meeting Source Prestige Global,Arlington Heights,IL,5,Prestige | Global Meeting Source,Champaign,IL,,0.8516,High,Semantic,0.8636,4.0214,0.4000
7880589,Women of Power Conference,,,1,The Power Conference to ADVANCE Women,,,,0.9500,High,Semantic,0.7917,5.0027,0.0000
7880589,Women of Power Conference,,,2,Power of Women in Business Conference,,,,0.9500,High,Semantic,0.7917,5.0911,0.0000
7880589,Women of Power Conference,,,3,Power of Women in Business Conference,Chicago,IL,,0.9500,High,Semantic,0.7917,4.1134,0.0000
7880589,Women of Power Conference,,,4,Women of Power Ministries,Lawton,OK,,0.9087,High,Semantic,0.8833,3.4083,0.0000
7880589,Women of Power Conference,,,5,Power Of Women in Business,Chicago,IL,,0.9087,High,Semantic,0.8030,3.1711,0.0000
7880640,Corporation Of Hamilton,Hamilton,Bermuda,1,Hamilton Health Sciences,Hamilton,ON,,0.8934,High,Semantic,0.7500,4.0154,0.6000
7880640,Corporation Of Hamilton,Hamilton,Bermuda,2,HAMILTON HEALTH SCIENCES CORPORATION through its POPULATION HEALTH RESEARCH INSTITUTE,Hamilton,ON,,0.8916,High,Semantic,0.5294,3.1921,0.6000
7880640,Corporation Of Hamilton,Hamilton,Bermuda,3,Hamilton General Hospital,Hamilton,ON,,0.8916,High,Semantic,0.7500,4.0533,0.6000
7880640,Corporation Of Hamilton,Hamilton,Bermuda,4,Hamilton Health Science Corporation,Hamilton,ON,,0.8892,High,Semantic,0.7500,4.7183,0.6000
7880640,Corporation Of Hamilton,Hamilton,Bermuda,5,Hamilton & District Heavy Construction Association,Hamilton,ON,,0.8892,High,Semantic,0.6429,3.5614,0.6000
7880903,Corporation of Hamilton,,,1,Hamilton Corporation,,,,0.9993,High,Exact,1.0000,6.6695,0.0000
7880903,Corporation of Hamilton,,,2,Hamilton and Associates,none,,,0.9707,High,Exact,1.0000,3.5003,0.0000
7880903,Corporation of Hamilton,,,3,Drexel Hamilton Financial LP,Washington,DC,,0.9673,High,Semantic,0.6923,3.1193,0.0000
7880903,Corporation of Hamilton,,,4,Hamilton Strategic Marketing,Berlin,,,0.9634,High,Semantic,0.7500,3.3241,0.0000
7880903,Corporation of Hamilton,,,5,Hamilton Associates,New Hamburg,ON,,0.9634,High,Exact,1.0000,3.4186,0.0000
7880904,Corporation Of Hamilton,Pembroke,Bermuda,1,Hamilton Corporation,,,,0.7994,Medium,Exact,1.0000,6.6695,0.0000
7880904,Corporation Of Hamilton,Pembroke,Bermuda,2,Hamilton and Associates,none,,,0.7807,Medium,Exact,1.0000,3.5003,0.0000
7880904,Corporation Of Hamilton,Pembroke,Bermuda,3,Drexel Hamilton Financial LP,Washington,DC,,0.7773,Medium,Semantic,0.6923,3.1193,0.0000
7880904,Corporation Of Hamilton,Pembroke,Bermuda,4,Hamilton Strategic Marketing,Berlin,,,0.7734,Medium,Semantic,0.7500,3.3241,0.0000
7880904,Corporation Of Hamilton,Pembroke,Bermuda,5,Hamilton Associates,New Hamburg,ON,,0.7734,Medium,Exact,1.0000,3.4186,0.0000
7880905,Corporation Of Hamilton,Pembroke,Bermuda,1,Hamilton Corporation,,,,0.7994,Medium,Exact,1.0000,6.6695,0.0000
7880905,Corporation Of Hamilton,Pembroke,Bermuda,2,Hamilton and Associates,none,,,0.7807,Medium,Exact,1.0000,3.5003,0.0000
7880905,Corporation Of Hamilton,Pembroke,Bermuda,3,Drexel Hamilton Financial LP,Washington,DC,,0.7773,Medium,Semantic,0.6923,3.1193,0.0000
7880905,Corporation Of Hamilton,Pembroke,Bermuda,4,Hamilton Strategic Marketing,Berlin,,,0.7734,Medium,Semantic,0.7500,3.3241,0.0000
7880905,Corporation Of Hamilton,Pembroke,Bermuda,5,Hamilton Associates,New Hamburg,ON,,0.7734,Medium,Exact,1.0000,3.4186,0.0000
7880906,Corporation Of Hamilton,,Bermuda,1,Hamilton Corporation,,,,0.7994,Medium,Exact,1.0000,6.6695,0.0000
7880906,Corporation Of Hamilton,,Bermuda,2,Hamilton and Associates,none,,,0.7807,Medium,Exact,1.0000,3.5003,0.0000
7880906,Corporation Of Hamilton,,Bermuda,3,Drexel Hamilton Financial LP,Washington,DC,,0.7773,Medium,Semantic,0.6923,3.1193,0.0000
7880906,Corporation Of Hamilton,,Bermuda,4,Hamilton Strategic Marketing,Berlin,,,0.7734,Medium,Semantic,0.7500,3.3241,0.0000
7880906,Corporation Of Hamilton,,Bermuda,5,Hamilton Associates,New Hamburg,ON,,0.7734,Medium,Exact,1.0000,3.4186,0.0000
